colaborador,grupo_comunidade
olavlinddam,1
EstebanForge,1
KrisKind75,1
alexandersix,1
DoKoB0512,1
dustenhubbard,1
garrlker,1
Zooce,1
siebertm,1
Mr-Sunglasses,1
tsolak9,1
DankyoDev,1
rajofearth,1
mikeproctor,1
michabbb,1
Doc-4,1
Riao9,1
segusantos,1
TheAhumMaitra,1
kaankeskin,1
Shreyas-ITB,1
agxb001,1
p134c0d3,1
W4HO-ham,1
jonwsoto,1
LinuxFurry,1
mouseoi9,1
jirpok,1
cassiozen,1
celsobenedetti,1
eososlinux,1
deas,1
mxraw,1
reshadman,1
mtk3d,1
Zeus-Deus,1
AhmedCharfeddine,1
ArjixWasTaken,1
douglascamata,1
crqch,1
joaofelipegalvao,1
nemuiyarou,1
phucisstupid,1
rami-shalhoub,1
reorr,1
chancedomore,1
wesleycole,1
trmcnvn,1
logannc,1
madcatone,1
meerzulee,1
rickdotnet,1
mykiwi,1
7acini,1
QuarkOnRails,1
wiehann,1
Rattlyy,1
jonashan,1
mhnagaoka,1
v3rtx,1
Beanyy,1
ToniFeliudeC,1
baxtr,1
IngridMorstrad,1
w84death,1
LomSeb,1
Esteban-Bermudez,1
ardfard,1
MartinCura,1
abdullahdevrel,1
brunoh3art,1
sleao,1
Sittlon,1
mghalix,1
knappkevin,1
LeoPazEs,1
SOBANEJAZ,1
RolfKoenders,1
nicfit,1
WToa,1
etmartinkazoo,1
MidnightSlicer,1
StorytellerCZ,1
martinmose,1
LesesTrickshon,1
5kyguy,1
ry10hu,1
keyfer,1
michaldziurowski,1
terrablue,1
rez1coder,1
julianZeitler,1
Rakura-cloud,1
js,1
mythz,1
aericson,1
manuelgdlvh,1
ryanyogan,1
pastr,1
justbispo,1
BridgeSenseDev,1
thooams,1
strasse86,1
hsyed,1
parolkar,1
Instarlin,1
dcadenas,1
tomaslucas,1
mjossany,1
keithhubner,1
jharlan-hash,1
View-my-Git-Lab-krafi,1
SpaceByBlank,1
dotsilva,1
v22-dot,1
centifanto,1
matt-h,1
GiovanniSchiavo,1
robzolkos,1
codewhizz,1
gustavokurtz,1
brentdodell,1
NikoFresh,1
tibbe,1
mgbaron,1
hayjoh,1
atcriteria,1
dubu-heart,1
dsebastien,1
eamonburns,1
opiero,1
Trudko,1
chrislewis,1
vrinek,1
phanirithvij,1
ollymarkey,1
sjug,1
Sameer292,1
nakul-krishnakumar,1
Mawn19,1
BraisonCrece,1
shveeram,1
edanidzerda,1
shaynelegault,1
thesomewhatyou,1
afrendeiro,1
fldc,1
thehouseisonfire,1
eugeneprib,1
geolaw,1
arafays,1
Htrichi,1
leoplanet,1
genebean,1
ardavis,1
nullndr,1
ahmedalhulaibi,1
pudymody,1
Beethoven-n,1
mihailo-obradovic,1
jamesmcm,1
dhh,1
KaylonR,1
pinionless,1
jonnyace,1
jeremytregunna,1
wilfredom,1
AiHKhaled,1
rhodes-b,1
lpanebr,1
BANG88,1
anoldguy,1
qollin,1
SytexMC,1
dhoppe,1
Golim,1
mnakhli-noon,1
pixincreate,1
Kasui92,1
amheuer,1
d4vsanchez,1
james-darko,1
l0gicgate,1
Grepsy,1
iamabdulaziz100,1
indiancoderjeet,1
Chris24680,1
zeinalsulaiman-cmyk,1
ImToon,1
kieeps,1
JamesShelley,1
RenzoRichter,1
wriver0s,1
Penguin-SAMA,1
HalanoSiblee,1
diegopluna,1
ItIsCiprian,1
thomu5000,1
alexx-avdeev,1
marioidival,1
jellydn,1
boydbloemsma,1
thehale,1
chrisroundhill,1
pil0u,1
Maciejonos,1
galihwicaksono90,1
leouofa,1
ablluu,1
pkrzysiekk,1
seanmitchell,1
czroth,1
da-maltsev,1
not-NEK0,1
farangkao,1
f6198874,1
johannesnormannjensen,1
ginohey,1
cannikin,1
KalisterOS,1
codejake,1
XY55bqg6iAw8ttP,1
innerviewer,1
ljbuza,1
roberto-aguilar,1
harilvfs,1
Quirinus,1
ramtinJ95,1
d0ctr,1
JustinMissmahl,1
ATeal,1
kataqatsi,1
Ladeby,1
cossssmin,1
xadcv,1
mattlanham,1
blakeshall,1
t0gun,1
LinAnt,1
linux-fertxo,1
ylluminate,1
cinemast,1
darcy,1
marksmithsgit,1
alexindigo,1
LarsEckart,1
t3msk1,1
mheisig,1
taylortek91,1
adschem,1
axelfontaine,1
iqre8,1
JoshuaEngland,1
Gallardo7761,1
Ashur-D,1
timmo001,1
kennethgeerts,1
brielov,1
mlive1992,1
Rovel,1
yacmeno,1
NewRedsquare,1
guidovicino,1
ichts,1
dsimonow,1
bjarneo,1
himangshusingh,1
dylanbr,1
R1kaB3rN,1
ankurkotwal,1
bombless,1
adriandersen,1
code-sketcher,1
matiasmoya,1
samanshirdel,1
dwilliam62,1
zessu,1
Sergiogd112,1
calvinludwig,1
tomschlick,1
Chamal1120,1
mvaled,1
okdas,1
DrInfinite,1
zaborowskimichal,1
somegithubuser245,1
henrysipp,1
paucommit,1
Veltair-D,1
boozlbork,1
the-exodus,1
RegorTheDodger,1
c0mpile,1
sudohades,1
geldot,1
prertik,1
geoweir,1
dhiman1675,1
ericrswanny,1
Jairisen,1
micahkepe,1
ssimk0,1
keydmitrij,1
olgkv,1
ranger-ross,1
alexhraber,1
lmello0,1
cristian-fleischer,1
rubas,1
avinashjoshi,1
fals,1
abradburne,1
motaz-shokry,1
negoro26,1
nikkos,1
eddiedale,1
hoclun-rigsep,1
HowieDuhzit,1
0xK1K3,1
PaideiaDilemma,1
nightdevil00,1
neilsmith,1
jeffmancilla,1
somerocketeer,1
andrewjanssen,1
miharekar,1
martin-ro,1
jmelahman,1
d4n3sh,1
slamotte,1
pikdum,1
NeimadTL,1
pachuc,1
HadiRJ-web,1
sjsrey,1
christophergyman,1
sobran,1
bpidperygora,1
JoostdeK,1
Arash-Afshar,1
gustavedenis,1
giovantenne,1
johntheyoung,1
armujahid,1
qwertologe,1
inhesrom,1
rockorager,1
Atrena,1
biggsjm,1
JJDizz1L,1
CobyPowers,1
crbelaus,1
DennisKraaijeveld,1
AlexZeitler,1
zxrovx,1
leonhazen,1
CashWilliams,1
jmargeta,1
bcye,1
devmobasa,1
RaphaelKimmig,1
ghrubi,1
hirschnase,1
iharsuvorau,1
fabricioanciaes,1
rdtechie,1
MangelMaxime,1
startupfoundry,1
tomycostantino,1
koenvaneijk,1
chris-mulvi-data,1
JordanAnthonyKing,1
mrjoedang,1
syhner,1
pushforce,1
aelhady03,1
w3ntry,1
ZeroSegFault,1
ElFitaFlores,1
mirzap,1
BrouZie,1
vaxerski,1
gjoedvad,1
taq,1
dwaynebradley,1
fgasperino,1
mah3uz,1
pilgren,1
rnadler,1
bvdwalt,1
alex-305,1
maromalo,1
RushiChaganti,1
PierruMagnus,1
eyadsibai,1
bzierk,1
arni1981,1
catlee,1
justinhhorner,1
y0no,1
tillebacon,1
BajaBlasta,1
sguergachi,1
hcabel,1
liaobinbin,1
Xarianne,1
gal064,1
kenyonduan,1
pedroadame,1
whitallee,1
neurapy,1
kshatriya-abhay,1
brutalsam96,1
dxrkinfuser44,1
Antse,1
nuelle16,1
zeth,1
mmorri,1
TomSchimana,1
dhanish-00,1
aliismayilov,1
nicholaschiang,1
folone,1
fowlie,1
mfontcada,1
bbondier,1
0xRichardH,1
sebgott,1
brianblakely,1
prabhchintan,1
AndrewMast,1
apiguy,1
benhoman,1
carljohanlandin,1
lypanov,1
martinstork,1
RexsyBima,1
kashifkhan,1
mitchdenny,1
thadguidry,1
Gazler,1
saeedvaziry,1
johanneserhardt,1
hegjon,1
tanshkoul,1
thalysguimaraes,1
matsest,1
adamritter,1
KR9SIS,1
v-oleg,1
peeviddy,1
NickJAllen,1
creaumond,1
jmutawa,1
stopar,1
nbw,1
yaeloss,1
JaimeStill,1
evanh1393,1
TheFocusDevHUN,1
TAnomaly,1
BartoGabriel,1
malparty,1
anshul12ra,1
Shubham-Chy,1
githubpoet,1
mazdak,1
jbnunn,1
havard-vold,1
Awais-Sajid-119,1
dkeysil,1
ilyasovd,1
gsedory99,1
mitchellh,1
N4fta,1
alexperreault,1
deanpcmad,1
IrregularPersona,1
tom-jagus,1
hamkoroke,1
StarrWulfe,1
tirab,1
tony-ho,1
lakwey,1
gyllen,1
iccodes,1
chantastic,1
elijahimmer,1
lordhgk,1
macarmo,1
rafaelbernard,1
dvalnn,1
RedsonBr140,1
RobAndrewHurst,1
caiogouveia,1
ttmachado,1
rajayonin,1
kyleGrealis,1
Diing54,1
ShrootBuck,1
swombat,1
carlinhoshk,1
Nico-Mayer,1
jasonish,1
SimonGuldager,1
Furyfree,1
carabistouflette,1
davidcbacker,1
shayne,1
jb0gie,1
Jeevan00-1,1
Shaps,1
szcharlesji,1
timohubois,1
russell-davis,1
MatyiFKBT,1
jroes,1
jkthorne,1
PranavKumar9529desai,1
toni-ds,1
tonysm,1
ernanvr,1
ncrmro,1
nytr0gen,1
zestfulmouse,1
AzlanEh,1
scoop,1
rossvz,1
aislandener,1
sudhir-b,2
Xypion,2
t4umu4d,2
davidbasilefilho,2
liams000,2
spacetime-labs,2
MichaelGame-Dev,2
subzelo,2
Ucok23,2
mattsontrygve-dot,2
jfernandez,2
Phrozenn1,2
babu-fr1k,2
weholt,2
coendewit,2
alfarhan,2
raphaeleliass,2
danielnolan,2
karstean,2
LorandMarton,2
juansalvatore,2
vlofgren,2
markjfisher,2
molhamfetnah,2
assada,2
shawnyeager,2
ikegam,2
LongDorat,2
woopstar,2
hffmnn,2
jschulenklopper,2
roadev,2
raphaelpra,2
LuizCampedelli,2
artjsalina5,2
tassiovirginio,2
sbradl,2
h4z-dev,2
battlej07,2
sheikhlimon,2
yooakim,2
medrinnn,2
SamCoppen,2
petipoua,2
milanoid,2
jimd0t,2
arielj,2
maxvelkir,2
lliamsymonds04,2
WojtekMatula,2
bigint,2
crmne,2
bcavaco,2
geiman,2
Devwulf,2
LeonardoTrapani,2
OsmarBogarin,2
fludzone,2
wiliamvj,2
nns2009,2
mrbende,2
michal-samluk,2
florisvdg,2
hamidriaz1998,2
FlameHorizon,2
VindiceCode,2
MatthewABrantley,2
APS6,2
mrios69,2
famendes85,2
ShikharArvind,2
deanandreakis,2
OguzhanKalelioglu,2
thefonso,2
michaelosmith,2
rafabiela,2
Pintjebier,2
Abdirrahman,2
slawomir-andreasik,2
iamobservable,2
cyppe,2
andrepadez,2
IroncladDev,2
avaera8775,2
techfg,2
jorgemanrubia,2
SnapshotCiTy,2
richecr,2
mohamedbril,2
michaelshmitty,2
Yugabharathi21,2
Remgr12,2
lsc,2
marcinczenko,2
glauberdmo,2
Parkertg,2
wrex,2
nicoestrada,2
mvee-11,2
Victornovikov,2
rshurts,2
sudomateo,2
virtualabishek,2
mrlarsendk,2
nicofabre,2
grandixximo,2
tobi,2
moonward,2
edmooredop,2
ajmeese7,2
Razcall,2
dimmerz92,2
semakusut,2
chuanjin,2
liamjdavis,2
rublev,2
erik-brueggemann,2
cairin,2
maralcbr,2
ChristerNilsson,2
andnig,2
peregrinus879,2
fiffeek,2
decarlec,2
Shankar-1212,2
Madhu-mohan86,2
dharmavagabond,2
adam-zluva,2
Vladimir-csp,2
pablete,2
Syrent,2
ameeno,2
samrap,2
Bornasm,2
yathxyz,2
tikg,2
donpurr,2
jdambron,2
pmpinto,2
Ericode254,2
vnijs,2
infogulch,2
stallmer,2
mmillis1,2
pradeep-gox,2
endersonmaia,2
Sopamo,2
coolaj86,2
Keva1z,2
Manujdixit,2
quiquebella,2
pampa,2
bettinson,2
pandelig,2
Rishabh-Sarang,2
sparky0520,2
timosperisen,2
CantC0unt,2
Tenosiey,2
vinnyA3,2
so-dawg,2
mabonce,2
elpritchos,2
impost0r,2
DenysFlnk,2
markpopjason,2
socket72,2
tomydng,2
MK-Mike,2
renatovieiradesouza,2
AlwaysRead,2
volitionsystems,2
GOlaf71,2
fernandoaleman,2
spencerflagg,2
rmacklin,2
kyedavey,2
kvidaxl,2
DoppioJP,2
MuhammedKpln,2
aglee-prog,2
markstos,2
Kashan-amd,2
ilgianlu,2
HANCORE-linux,2
kmf,2
jps83,2
tuklu,2
CaffeinatedTech,2
ZarK,2
hossimo,2
tarekbecker,2
luciano-fiandesio,2
DallinTG,2
MichaelM3,2
fidelisakilan,2
groupsvkg,2
cvuorinen,2
melonamin,2
frasergr,2
siancu,2
amanat361,2
flitzcore,2
r3nor,2
test0n3,2
nnutter,2
MukaramNadeem,2
grizzlychair,2
DerAlbertCom,2
chatodux,2
jelenv,2
sa-dd,2
dpointeck,2
psynautic,2
kubos5,2
thelifeandtimes,2
kkuroma,2
MrTrigger,2
cornle,2
executionreverted,2
cpuccino,2
AurelienBoland,2
pkordel,2
manzoliric,2
MadMax-067,2
ist14k,2
owensd,2
brink-lab,2
pushcx,2
chicheese,2
elvinaspredkelis,2
ngodn,2
d3ployment,2
AlexanderGolys,2
eyedolise,2
LukasKorotaj,2
jediwarpraptor,2
Addibro,2
gapf2010,2
alansikora,2
slinn-01,2
BirajMainali,2
EmrysMyrddin,2
zhanggang807,2
ferrao,2
uiansol,2
zachasme,2
TheDeFreeze,2
ddVital,2
JansenSmith,2
jakegibson,2
P1tchZ3r0,2
Artem1k,2
leciric-stf,2
Wolframko,2
0xMarius,2
bilke,2
gregid,2
mithrandir-gandalf,2
ryanburnette,2
SvenSchneiderDVAG,2
skd,2
Hughzu,2
jpmaciot-ui,2
Carloswelliton,2
adrianjean,2
Traap,2
japetheape,2
vrajpat3ll,2
vaqMAD,2
swachian,2
CAI991108,2
themuslimdoctor,2
arthur404dev,2
gangaasoonu,2
gorciu-official,2
randall-vx,2
rogeriopvl,2
adriank,2
dazzatronus,2
rulonder,2
gab3-dev,2
Ugwattu,2
endrebak,2
gonzochic,2
3bit,2
rplankenhorn,2
Jos620,2
ThatBlokeJosh,2
daltsan,2
1cadumagalhaes,2
pm-global,2
Sunny-esc,2
lucasrcezimbra,2
colutti,2
naillizard,2
Kolczi,2
nickjj,2
ocewers,2
victoralensai,2
tekumara,2
henderb,2
blue-3,2
Ptark,2
bdbch,2
NicolasDorier,2
sircode,2
parsivan,2
tamayotchi,2
TC-42-54,2
themodev,2
jhosdev,2
smola,2
ctrl-alt-adrian,2
VDuda,2
dariogriffo,2
benlinzel,2
r3ap3r2004,2
Zayn-khan-Yusufxai,2
maietta,2
EfeDevirgen,2
testlab833,2
JPHultra,2
zilberlex,2
manofcolombia,2
dl-alexandre,2
DervMc,2
sashi12222,2
tmkn,2
ebaerwald,2
chthollyphile,2
SoAp9035,2
pebroz,2
dmcs19,2
lawsontaylor,2
adaryorg,2
yuriteixeira,2
Kyhze,2
landsman,2
ryanrhughes,2
SethARhodes,2
flozero,2
TyRichards,2
miguelcsilva,2
sgruendel,2
jamerrq,2
erdostom,2
nemoralis,2
FanchGadjo,2
osmansemir,2
Chase78712002,2
parsamrrelax,2
davzucky,2
nadienuncanada,2
SamRoehrich,2
danielpavone,2
nskrdev,2
lucasolima,2
darkdora,2
brunny-eth,2
vyrx-dev,2
ThisDevDane,2
ProPatte,2
e0,2
czlowiek488,2
camilonova,2
42kiko,2
Prajwal-Prathiksh,2
vNakamura,2
JamesMConroy,2
AdamMusa,2
Meetbuilds,2
hjanuschka,2
maxwell-mutuku-dev,2
jeremy,2
MartinsBerzinsBN,2
xnileshtiwari,2
yuri-xyz,2
BestCoder1877,2
Michallote,2
just-wasted,2
SushantChandla,2
minh-cong,2
Roilan,2
Acharab,2
nckre,2
AFFLatusss,2
morgoth,2
xianlin,2
d3vw,2
tadacamp-code,2
Wincohax,2
dommmel,2
alexjp,2
dcalliari,2
MikaelWeiss,2
ituri,2
dallastaylor,2
AlejandroSC,2
taraszka,2
skoom21,2
Rovetown,2
Gowtz,2
jabaldoo,2
Killiivalavan,2
pertusatti22,2
kfnx,2
zenhooms123321-stack,2
KunalGautam,2
RizaHKhan,2
shawnanuptra,2
ricardolpd,2
teoruiz,2
qasimsk20,2
BeelinkOfficial,2
sspaeti,2
PrashanthShetty,2
numbertheory,2
avraw,2
bftanase,2
MegaBlackLabel,2
SuspendTV,2
matevzg,2
ancxanas,2
cluah,2
Mrgaton,2
tomasolsinar,2
baleygr-ofnir,2
ZeraTS,2
mikemayuare,2
AnujCtrl,2
efecege,2
hendrikb,2
njkevlani,2
diet-cola-pls,2
tuladhar,2
Travcort,2
Docfips,2
mikevanl,2
LorenzoSturmerSfreddo,2
j13y,2
BLACK-ASH,2
tijoseymathew,2
hipsterusername,2
cevdetta,2
boognevatz,2
manuel1618,2
theajmalrazaq,2
joeldeteves,2
tonimarmol,2
nicholaspsmith,2
Acorn9443,2
flaviolivolsi,2
bpiroman,2
amwilliams42,2
shahriyardx,2
sxndmxn,2
ozukoc,2
marionuevo,2
TayoJuang,2
Matthew-act546,2
GreenHacker420,2
urveeshdadhich,2
Amoodaa,2
TheYoxy,2
MaitreyThanki,2
bernbecht,3
bitclaw,3
OmarSkalli,3
mr-scrpt,3
KyongSik-Yoon,3
jardahrazdera,3
matthewcordaro,3
sntsntsntsnt,3
Muf454,3
mabq,3
glennlagasse,3
PavelAlennikov,3
ferranbonas,3
Jynx,3
eduardocorral,3
soyricardodev,3
twobuh,3
ahmet-ergul,3
tute,3
denisgolius,3
diogonapoles,3
ajrussellaudio,3
lentra0,3
arizon-dread,3
CwalkPinoy,3
marcelotk15,3
unaizorrilla,3
mikeytag,3
tuntaukA,3
simeks,3
0ncoming-Storm,3
Luquatic,3
realjuangalt,3
evrial,3
jrodriigues,3
flx-04,3
880660,3
fazzledev,3
simonhoye,3
sliceking,3
goslynn,3
rosyfall,3
dvrnt,3
wardakla,3
benWindsorCode,3
kromsam,3
SardonicSystems,3
philippeback,3
Roman-Weisman,3
11bDev,3
brad,3
jammie-jelly,3
apurbapokharel,3
dukuo,3
SaadAhmedGit,3
c0d3h01,3
euandeas,3
a-sologub,3
sjuerges,3
prathamngundikere,3
raybarrera,3
grzegorzbartman,3
qdev0,3
bryan-thompsoncodes,3
steffenkrogmann,3
MattTheisen,3
krymzonn,3
BernhardRode,3
ekhall,3
johnnuke-git,3
beyondeye,3
Mohamedsayhii,3
chriopter,3
putueddy,3
coolbotic,3
AdamUhh,3
soroyv,3
Abdulrahman-AL-Sabagh,3
matheuscandido,3
racnuzg9u,3
MatthewHunt84,3
snek,3
t0m3k,3
jschee,3
vaibhav-mattoo,3
oppegard,3
jheuing,3
rigo3t,3
joel-sgc,3
drbyronw,3
tgh-bit,3
davelens,3
ryanschmidt,3
phantom-kali,3
uzarubin,3
0xharkirat,3
blazskufca,3
samgurung,3
haroldg3,3
chrisrharris,3
tmohn,3
maligno1,3
JoaoPedro-cody,3
c4software,3
haroon-m,3
gugahoi,3
MikeVeerman,3
davidbeers,3
mr-zlaam,3
asfarley,3
Tribeofhackers,3
HassanSattar3,3
shawntz,3
cardoprimo,3
drbraden,3
pythops,3
florianbeer,3
fridlundisme,3
dannevang,3
mathiasrando,3
black-adm,3
oluies,3
AdiY00,3
fesper-s,3
crnvl96,3
aspasia-patron,3
majvax,3
matthiasweiss,3
valbertoenoc,3
EhsanulHaqueSiam,3
arslanbekov,3
fumita,3
geclos,3
neurotroph,3
ainslec,3
mandarvaze,3
emourad,3
URD0TH,3
marcelzimmer,3
cptx13,3
andradewall,3
adam-coates,3
dyoung522,3
PDXPuma,3
wey-gu,3
gyaaniguy,3
Stxzor,3
iamenderst,3
yitzwillroth,3
clauzf,3
381181295,3
brupm,3
MattyGam3r,3
2disbetter,3
derromiti,3
OmrYvs06,3
juanchomann,3
BarnardCollier,3
jjeffrin,3
med502,3
sangemaru,3
luigig44,3
mrtnin,3
JohnAZoidberg,3
leonardobetti,3
pimonteiro,3
Call911plz,3
loveloki,3
gbfonseca,3
alexandru-calinoiu,3
indahud,3
Sicherheit007,3
webmatze,3
ironicbadger,3
gusdemayo,3
lestex,3
gamebox,3
DustinEwers,3
danfascia,3
LucaNerlich,3
ChrisCampaDev,3
637ms,3
SDCVO,3
AequitasAlive,3
ponymushama,3
lukasz-strama,3
abdellahrk,3
apotenza92,3
reppiz,3
stephenh,3
MachoXV,3
sudotoame,3
flegoff,3
rblalock,3
sknewcomb,3
svicervlad,3
wixisse,3
Rnedlose,3
michielryvers,3
Romanhan,3
k3rn31,3
cstrickjacke,3
Knochestolle,3
guilhermetk,3
NixBiks,3
k0st1e,3
krp,3
SatoriSec,3
JonathanRiche,3
tristonarmstrong,3
budnik,3
mirhec,3
kdpuvvadi,3
stephenheron,3
pXius,3
Egge21M,3
donovan-duplessis,3
kofiasare-dev,3
pipetogrep,3
Jesse-Lucas1996,3
michaellenahan,3
gigq,3
NihalGuruprasad,3
GorlikItsMe,3
djschnei21,3
Macho0x,3
gcarrep,3
reimiii,3
smartpbx,3
imanubdesigner,3
davi-mplan,3
nkasco,3
tmqone,3
gal-checksum,3
sailoz,3
ashutoshbw,3
CGCM070,3
MarsDude-eu,3
Mateleo,3
inffy,3
fujingjunben,3
felipeadeildo,3
bastnic,3
klausmeyer,3
blackmou5e,3
kjruan,4
Serendeep,4
0xrsydn,4
lukexor,4
rosscondie,4
rgarofano,4
stoicz,4
CWood-sdf,4
larryhudson,4
iantriggs,4
webDevMiras,4
rxvhndsm,4
ColtonIdle,4
thakur-abhijeet,4
lucasfais,4
gregmolnar,4
g1sbi,4
artajdc,4
antoniodavid,4
ludo237,4
celikbir,4
defer,4
Ahthe45th,4
opajanvv,4
iislamgom3a,4
natsukashiixo,4
Dynasty8614,4
gigor,4
shelldandy,4
golgor,4
raphaelmso,4
rogeraird,4
ally1002,4
abrahamarslan,4
Jabuk,4
spdawson,4
noahc,4
nganaremba-rem,4
garovu,4
paul-fornage,4
arcbjorn,4
Dusk253,4
OerdBej,4
jjungnickel,4
nqst,4
rhinin,4
carmen-gh,4
Zxuus,4
nmeylan,4
naurissteins,4
tanishqsrivastavaa,4
albinkc,4
mitsuhiko,4
dradrien,4
KidDogDad,4
MBMarsell,4
felipe-linares,4
weierfischen,4
benjamonnguyen,4
melpomene,4
meeeller,4
rafaelvzago,4
Naelpuissant,4
nik-here,4
paulhmurray,4
zaneschepke,4
pmd-coutinho,4
havheg,4
alpiua,4
gamendez98,4
dylantf,4
KornienkoDev,4
YannickHerrero,4
robinsmith-source,4
lennartbrandin,4
fcoelhomrc,4
azeemsher788,4
Gopal-G0,4
ltehacker,4
dmcfarm137,4
Theacebutler,4
tionichm,4
j-c-m,4
JavierBertolino,4
Serster,4
akmcafee,4
MematiBas42,4
ignaceHelsen,4
vynguyen205,4
MaryamTarek03,4
sdurnov,4
silentjay,4
abenz1267,4
anagrius,4
philweber,4
ethanolivertroy,4
ogdakke,4
xndrdev,4
f4n4t,4
pmercatoris,4
eclecticc,4
xdmx,4
Mulhamsth,4
saullrb,4
aneksz,4
grimkraut,4
raphaeltannous,4
jocke-champ,4
Elphyn,4
thmatosbr,4
5w5,4
tes424,4
bearthababe,4
patroza,4
tjdevries,4
jackos,4
mroboff,4
luchongk,4
joaomendoncaa,4
sean-imus,4
DevarshVasani,4
KrauseKurt,4
Xkonti,4
transporsche,4
mlabbe,4
aifrim,4
ramlev,4
adamperkowski,4
incon,4
amirkarimi,4
mchac15,4
mcolinp,4
eugenialoli,4
DanielApt,4
hfvmarques,4
voody77,4
kaloyanm,4
KEVGRU,4
balduinofernando,4
sebastianobecchetti,4
AbdSattout,4
jean-francois-labbe,4
bastos,4
davidguttman,4
trly,4
nmonev,4
rajarshikhatua,4
meirdick,4
ErikReider,4
tubaman,4
HappyNZ95,4
citizenanalog,4
duke13137,4
marwan38,4
Because789,4
Lukibukiboy,4
LukasTrust,4
itsscb,4
minatsilvester,4
Blitz-Cloud,4
tahayvr,4
djmiky43,4
PatricioTabilo,4
nonetrix,4
kovidgoyal,4
ubeyidah,4
ayoblt,4
iainsimmons,4
andresatierf,4
pedrodrocha,4
abarrosjr,4
drewhamlett,4
michaelhazan,4
Justikun,4
ncr,4
adevade,4
nixsh5,4
equivalent,4
luposlip,4
rodrigotoledo,4
Humam-Hamdan,4
dimus,4
ninjarogue,4
limxuan,4
radu-corbu,4
vladkhard,4
EJTP,4
Brian-Zavala,4
ecvijil,4
hid4ri,4
ethangamma24,4
jzetterman,4
nifipi,4
lucasmoore,4
amiles5,4
dtgay,4
samandmoore,4
eifr,4
DuncanWilder,4
ahowardm,4
kanishkdudeja,4
Ronit9320,4
RyanBreaker,4
gasper008,4
apdingman,4
Woosah,4
realandsalv,5
milolethbridge,5
Timoite,5
Gabriel-sy,5
sepulworld,5
gverbist,5
evilmastermind,5
XTremeT-TorstenM,5
dodosack,5
yumhum,5
DerFuchs,5
ctarx,5
nunix,5
oddysee,5
RichardBieringa,5
xulqarnaen,5
FallenCape,5
mvvasilev,5
vortexavalanche,5
joaoptpsa,5
jarlah,5
TravonteD,5
lina-roether,5
sedubois,5
MatthewKing,5
histfak,5
iotricity,5
DevBasem,5
Ticonderoga,5
dimas-cyriaco,5
rafa-alves6,5
pmnzt,5
Ismaele-silla,5
moo-w,5
alcgabriel,5
quangnd159,5
g43l3n,5
RecklezzNexus,5
calepayson,5
skeptomai,5
rCirelli,5
ckunte,5
MichMich,5
noozo,5
kldeb,5
sarrietav-dev,5
Coletronix,5
007qr,5
EmiiFont,5
tymfry,5
LabGuy94,5
jon-munoz,5
odnmalau,5
mir-hussain,5
ryukamish,5
nkxxll,5
mmsbrggr,5
Rishpraveen,5
chgeuer,5
rclabs,5
AmanDeol7,5
adecora,5
34fishyy,5
matzalazar,5
gingerpickle99,5
Somnius,5
Mattry-Dev,5
nullraven0,5
scottdavis,5
DarkzAtom,5
olajoao,5
runeskretting,5
Radium108,5
Lazymindz,5
RavinduRepo,5
fbreuer,5
ryanbateman,5
MEMSITO,5
Siphon8972,5
PhilIsHere,5
croess,5
mir4zul,5
Yazington,5
defaultdino,5
maurisrx,5
Sarniva,5
Joshua-takyi,5
devbrsa,5
MountVesuvius,5
bscott,5
pskowronek,5
SilhouetteCipher,5
TatersShip,5
levi2m,5
cordeirojs,5
tylerwillis,5
Mane-Pal,5
mtnstar,5
yibab,5
danrasmuson,5
Heisen47,5
fcmiranda,5
Zesko,5
Akash1000x,5
erzz,5
apfohl,5
fzzzz1,5
ryancolley,5
davegudge,5
esencia,5
JosefAmbruz,5
deepu7d,5
kleyv,5
zxcfilatov,5
MichaelTeeuw,5
justauser-54,5
aurelleb,6
michaelmm,6
spitefully-positive,6
jchonde,6
braintornapart,6
jsimonrichard,6
czyt,6
mcdent,6
denniseijpe,6
pawlobanano,6
denisu14,6
lloitre,6
nweger,6
vdtdg,6
fredrik,6
victornor,6
vicmcorrea,6
HundredBillion,6
adelplace,6
ItsMick,6
ahmetkca,6
dpeckham,6
71be7,6
clouraLabs,6
sk4rrjin,6
willsilvano,6
Muhiddin0,6
znxr,6
pch,6
SublimePeace,6
ilya-khadykin,6
harshvsri,6
FatalCatharsis,6
ThinkRamen,6
astralaster,6
syabro,6
diverseFPT,6
chrismazanec,6
leomoreno11,6
abelfubu,6
chakraskun,6
kappafon,6
himanshu0805,6
opach16wsei,6
KyleKirkpatrick,6
MattMangoni,6
Baluditor,6
guasam,6
nielpattin,6
NurdinDev,6
rodgco,6
taufik-nurhidayat,6
mitalia,6
Zerodayu,6
amangupta20,6
tsurelad,6
maxdmayhew,6
Mayank-8127,6
dpshade,6
helpnoob,6
d-cas,6
ali-afk,6
eerison,6
baremarco,6
Youssef-codin,6
Cammisuli,6
diegonogueira,6
Happyigr,6
grimy192837465,6
LuccasGianesini,6
dewnuwan7,6
ericjim,6
matyssxdxd,6
quiet-ghost,6
devzeth,6
Paulie420,6
GitUser-IamALIVE,6
dipsx,6
hojner,6
jarvis1704,6
Bruhmux,6
tobiasz-p,6
jvanbaarsen,6
KamQb,6
yovko,6
brennandunn,6
Malanius,6
JRH89,6
DominicBoettger,6
killeik,6
ksalk,6
clwalker85,6
SolidDev,6
William-Jay-Inclino,6
mikailbayram,6
mlombardi96,6
anime-in-the-world,6
tlxq,6
maxguzenski,6
khanalpride,6
omarahmed786,6
TobbEEEEH,6
andreschapiro,6
ExonakiDev,6
morsontologica,6
muhammedaksam,6
lukehowson,6
lukehsiao,6
Cutipus,6
Naresh-Khatri,6
christianp82,6
Armadillidiid,6
Shirkit,6
OrlandoRati,7
syahrulrasyid,7
journalehsan,7
BBISWilliams,7
justpurv,7
folken718,7
olehrstm,7
guirossibrum,7
martinblaha,7
aquaspy,7
Linac44,7
terenceponce,7
ITSZXY,7
andrrms,7
psyhomb,7
vitaliiorlov,7
jfbourdeau,7
rsalas82,7
Xhelliom,7
LazyStability,7
ASBecker,7
revan1611,7
RenanOSX,7
solutionsolution,7
ashd90,7
pgmdpfcon,7
HRKings,7
brenoepics,7
jpdombrowski,7
max-prtsr,7
Fraol-12,7
ArchGalileu,7
kylebragger,7
j5onrf,7
MaKeG0,7
Salt-555,7
goomba27,7
rkmaier,7
fabiokr,7
HussainElemam,7
AnandRaj2224,7
jleontidis,7
Knutsi,7
diwashpandey,7
ivfiev,7
tahaN415,7
sunbyte,7
ruuts,7
qnlbnsl,7
thomasrice,7
AugustoRickes,7
adopon,7
DFanso,7
ven0mus,7
Lucashdml,7
michealpwalls,7
rajshekardev,7
HalvorNygaard,7
derluke,7
RomanoCodes,7
elton-cs,7
brunosabenca,7
Tigid0u,7
Blanquefort-bq,7
YvesCB,7
davidszp,7
cammynixfr,7
huuaho,7
Matt-Ord,7
CK-7vn,7
marco-kretz,7
mescalas,7
Zeneixe,7
cns-studios,7
AnthonyPoschen,7
nacapulque,7
gregg-cbs,7
moisesmata,7
wpcarro,7
HybridSarcasm,7
bigburlyman496,7
Whamp,7
Mrid22,7
HegewaldK,7
pkwagner,7
davide-ferrara,7
rsl-pseudocode,7
Teddy34,7
Orinax,7
arrifat346afs,7
ollipirttila,7
shyamenk,7
kaycmendes,7
JohanS57,7
rbngzlv,8
joshlatte,8
seba1342,8
pleachchapel,8
anirbandotdev,8
gargar165,8
aki1ro,8
kirtimaan-askin,8
BaselCS,8
ganeshksp,8
SamrudhNelli,8
kaizakin,8
hskadoosh,8
MillerJ20,8
gray-adeyi,8
chadbailey59,8
arenclissold,8
g012,8
tcurdt,8
maxoux,8
ckrailo,8
audriusl,8
cittadhammo,8
kmos,8
antejan,8
henry-cecil,8
dubsgordon,8
Umair444,8
parnoldx,8
fisika1729,8
Danmoreng,8
WilsonSousajr,8
yapus,8
bjabot12,8
Shastryji,8
arusa,8
GiraffeCoding,8
devsujalpatel,8
ngtanthanh-qc,8
iamsherman1234,8
Rex-8,8
airconless,8
kb,8
nomnomheapnom,8
PCMasterRays,8
berrimi,8
koepalex,8
gammons,8
minisiowo,8
josephchigiz,8
okhomenko,8
gkurts,8
raphaelstary,8
pdcxs,8
ajmAAid,8
D-Pagey,8
feliblo,8
phush0,8
czrcbl,8
crestanigui,8
Hanish0,8
rahoe,8
prgmatic,8
rezamonangg,8
mrpbennett,8
SophaHum,8
tkling,8
rubenvisscher,8
marcelbeumer,8
breadpittunbreaded-stack,8
herboh,8
wavic,8
imyarto,8
nc,8
OptimisticMonkey,8
thesyntaxdude,8
millan242,8
nprorekhin,8
JanEber,8
decatoncheir,8
0xFLE1J4,8
geoffsimp,8
richarddavenport,8
HemalR,8
lfrostp,8
tjcwilk,8
kettleofketchup,8
bartdorsey,8
kroaton,9
ryuhzk,9
bragmore,9
gxaurab,9
AbdulRhmanAlfaifi,9
trentrothstein,9
pomartel,9
kristofer,9
RobinVanCauter,9
RoqueRueda,9
mburns75,9
pbjorklund,9
ElBrodino,9
neheb,9
AndrianoTurner,9
harishkarthiktk,9
codescv,9
JumpIn-Git,9
duncanmapes,9
lavavex,9
twistedmacaroni,9
bdx-asn,9
xavierlesa,9
kevingilpin,9
darshfi,9
CyphrRiot,9
NvmN1G,9
rcoleworld,9
takumade,9
varo6,9
RowdyRagamuffin,9
dec05eba,9
tingweiwan,9
Umenokin,9
wqsaali,9
perminder-klair,9
sohro-da,9
capyfara,9
khalido,9
gabrielfranh,9
tighthead3,9
pelephant2,9
larrydewey,9
inad9300,9
oxidebits,9
BrayDinh,9
Jaspreet-Singh5,9
rajesh-1252,9
Canatulee,9
jpow18,9
whargrove,9
jordihoven,9
Randomovski,9
gothe92,9
zhydzhy,9
soda92,9
neo2049,9
WillEhrendreich,9
Meikkun,9
nullrish,9
daviewales,9
lmoboy,9
4A616D6573,9
0xProt,9
houstonhaynes,9
MislavPukljak,9
pedro757,9
suraj-9849,9
PinheiroCosta,9
bnferguson,10
coopenstein,10
michapietsch,10
afansv,10
petejkim,10
abbood,10
balupton,10
keanehatescoding,10
timothynn,10
Chiroyce1,10
jason-hobbs,10
jasondill,10
SurreptitiousFabric,10
vikks,10
joelgaff,10
jondkinney,10
brycv,10
jpumfrey,10
avocade,10
adamavenir,10
blost-fyi,10
e-minguez,10
gusinacio,10
jaggy,10
gpakosz,10
leecrosdale,10
chardoncs,10
DonMilon,10
bcorcoran,10
yousefdergham,10
joshleblanc,10
flozano,10
devferrazZz,10
rikkarth,10
sherif-fanous,10
grin,10
dinvlad,10
ath0m,10
maxsz,10
crazed-developer,10
jorge-campo,10
longsman,10
joske,10
nilszeilon,10
neosepulveda,10
Kylar13,10
alock,10
matiacone,10
andrey-moor,10
omygolly,10
DiedrikDM,10
drlucaa,10
magiconair,10
fishkingsin,10
Unayung,10
mholson,10
spencern,10
d34dh0r53,10
BrentRosen,10
meceo,10
pettersj,10
BrielOtero,10
mkurz,10
dantams,10
tinybluedev,10
SirMaxwellSmart,11
raxmaxhax,11
paganotoni,11
felipecsl,11
robindegen,11
Muhammad-Owais-Warsi,11
Michael-Steshenko,11
matheorism,11
ih8d8,11
NiWe03,11
edimoldovan,11
precision,11
andresantoniuk,11
Ratko-Solaja,11
fitzzz,11
wltechblog,11
krzysztofplazio,11
daltonwillard,11
jwlben11,11
rakshitambi7a,11
iamparmjeet,11
star-ges,11
massimosgrelli,11
mathieucollet,11
erdnuesse,11
netrusov,11
gustabot42,11
cescocesco,11
cebms,11
cnharrison,11
tbasten,11
pbakiewicz,11
smsanagustin,11
BasitAli,11
swany88,11
jkc-2,11
dakotahp,11
devius,11
ariejan,11
SabuhiYusif,11
ghost,11
tarikdogic93,11
rogervn,11
curtisspendlove,11
XNinety9,11
Kolgann,11
daanlenaerts,11
gerardroche,11
mhbidhan,11
AndreRobitaille,11
geass94,11
sankiran,11
OleksiiPylypcuk-cnic,11
Ripped-Kanga,11
Tatuck,11
kr40,11
Glue415,11
rmateu,11
DavidHoenisch,11
iamsameerpaudel,11
ckr,11
simonmwessel,11
henriquebremenkanp,11
marcio,11
clintonleroux,12
sergeikay,12
m0sys,12
tsch0hnny,12
nrbnlulu,12
rmrten,12
richvote,12
zahorniak,12
BenMerSci,12
Pikmingamer9539,12
khoi,12
maxrabin,12
Ajeetmisra,12
jantytgat,12
Darsh-A,12
gcavanunez,12
TeriyakiBomb,12
Mujhtech,12
SamuelCam14,12
wiseyoungbuck,12
ak127a,12
riegojerey,12
Jamesking56,12
szamski,12
Merovex,12
El-fonto,12
stefanpricopie,12
Else00,12
kevcube,12
seoh,12
swork1,12
mfthaina,12
taylorminton,12
Jack-621,12
AnonymousCoderArtist,12
lealoureiro,12
patcito,12
Reflux0301,12
gravewhisper,12
milindmadhukar,12
JaxonWright,12
bunkerWHz,12
SvenHjerson,12
contang0,12
ayan-de,12
Pindano,12
smakrysopoulos,12
fstleo,12
tomasnorre,12
SYKwong,12
designorant,12
rthabett,12
pymmog,12
DiegoRioboCabot,12
PeterBaker0,12
wekauwau,12
skutaada,12
Mayank-Bhatasana,12
schlafer,12
iPrime,12
mdewitt11,12
gotar,12
amirtanazzoh,12
apostaat,13
minton,13
John-Lin,13
JanProchy,13
andy4thehuynh,13
jkisor,13
nik-securemeasure,13
xulfm,13
iphils,13
ehutzelman,13
jaredjackson,13
jebin2,13
lpossamai,13
ofrades,13
jonh-favo,13
dpan,13
sgloutnikov,13
kmckelvin,13
danmack,13
kjamal-hub,13
sphynx79,13
scossar,13
stanchoud-sys,13
BigMitchGit,13
itsnumpty,13
LucCodes,13
bsg62,13
dcgibbons,13
mmaadd,13
nickseelert,13
kk1694,13
gianmeg,13
davidhbigelow,13
sayanta01,13
subsy,13
beergeekdotcom,13
mrdrbrdr,13
muinmomin,13
thrillho93,13
capatina,13
benjohnson77,13
classicAmitIn,13
LeAlencar,13
busybox11,13
oca159,13
gthelding,13
Thundernirmal,13
Weston-Cox,13
jakubhrstka,13
l4loLX3,13
ludgerpaehler,13
icehunt,13
iagocc,13
jopesh,13
filipebraida,13
Kn0ax,13
24601,13
alexeydemidovkz,13
davelowry,13
RayGuo-ergou,13
harpreetchima,13
nicolaric,14
joaocarvalhoopen,14
craph,14
OswinWenlock,14
legymhueck,14
naxels,14
Luxian,14
barcellos-pedro,14
PedAltuve,14
heeh,14
ptsmonteiro,14
overcast-software,14
bruceunx,14
mehd-io,14
alerque,14
hannes,14
javaded,14
apfernandes,14
tamasczibere,14
szarnyasg,14
domingo2000,14
NLedge,14
jwkicklighter,14
Sgierek106,14
COOLHax0r1337,14
ipmanlk,14
djordje,14
ablzh,14
Thawab8,14
creativehubspace,14
mvtenorio,14
yuters,14
Gearhartlove,14
nickpestov,14
llevering,14
kodnin,14
iamjoshgilman,14
sevos,14
MrJack91,14
cbsmith,14
haoqixu,14
kjvdven,14
diogomgbrito,14
frob,14
matsonj,14
umibear,14
phara0n,14
MrOnijohn,14
mmneimne,14
digitalextremist,14
thomasbroderick,14
bagguettiesonmywrist,14
krax0x,14
zhound420,14
bhood239,14
JeepNWilly,14
ADGLx,14
benarcher2691,14
txm9895,14
wkoszek,14
juanjesus0714,15
Czaruno,15
biemster,15
ShouryaUpadhyaya,15
meestree,15
OthinusG,15
zarmin,15
dragonovs,15
danidanz,15
seanpk,15
Nerkyator,15
AidenDevsNagios,15
YounessFkhach,15
MGross21,15
ahoglund-stripe,15
fjcrujeiras,15
justleska,15
ReiLoko4,15
ppetru,15
dev-ezraa,15
dz0ny,15
arifur,15
AndriyBarskyi,15
mtalha-codes,15
matasuge200,15
gerdint,15
Zalmez,15
muno777,15
wouterbouvy,15
wilk3ns,15
Tuurlijk,15
AlexBevan,15
dxb-super,15
Eltryyyy,15
zeddy303,15
dreyacosta,15
mkccl,15
dcunited001,15
DarthJahus,15
rmusaev99,15
adrianthedev,15
Ryaja2,15
halilozercan,15
dbrw,15
sekharprof,15
simudin,15
AnubhavPabby,15
faid0n,15
Kurizek27,15
whud,15
btbishop93,15
Lejoni,16
illangpasandre-prog,16
natanschneider,16
Manav151,16
AstroGlade,16
artfwo,16
riskihajar,16
ArcaneCrowA,16
scostadavid,16
mamadgm,16
tunsmart,16
Christophe-ldb,16
roee1454,16
IT-ess,16
klajo,16
tylerasai,16
lucasew,16
LucasAlfare,16
m5lk3n,16
cerrsys,16
andrebenedetti,16
donwalassjgod,16
manshahH,16
Spellytics,16
richoy,16
koncinar,16
knothhe,16
hassandevelops,16
neilgilmour,16
TomRaaff,16
JBraddockm,16
kjcesar,16
nianhbg,16
crackiee,16
guruswarupa,16
antonavy,16
rbaezam,16
system4app,16
Eim-31,16
EchoTD,16
MehrabUd,16
eno88,16
phplemos,16
alcides,16
Erik312,16
jalando,16
nvolker,16
waisihnyun,16
rtome85,16
janorga,17
zigmoo,17
jonathanpglick,17
Anik200,17
merouaneamqor,17
jamiekurtz,17
ljrobins,17
Winterbones01,17
TMartinPPC,17
522122,17
ChrisBuilds,17
MrHPotter,17
jubiloso,17
TonyBostonTB,17
CrociDB,17
bashln,17
markmcnaughton,17
RodriMora,17
nabeeladzan,17
gladstomych-jumpsec,17
dakshesh14,17
ncevans,17
kporkka,17
3x3cut0r,17
hazagrande,17
huNt-FMJ,17
yburakyo,17
graetz23,17
allandt-numan,17
arampak,17
cakePhone,17
KingOfTac,17
C0DE33301,17
SirenGlitch,17
pschaefer2305,17
kashopi,17
phenomen,17
thomasht86,17
cazador11,17
abiiranathan,17
wolfgangw,17
sergiotapia,18
ThiaudioTT,18
satyapraneet63,18
meta-byte,18
andreaugustoaragao,18
davidgasquez,18
ludagoo,18
leonardowolf,18
doc-E-brown,18
davidwinter,18
marlonmarcello,18
halo,18
marktran,18
piotrpliszko,18
t4t5,18
JkLondon,18
ghuntley,18
A-Kushwah,18
barrybro,18
varyform,18
daltonbr,18
opswole,18
marcusholmgren,18
Admix-software,18
jannemecek,18
andrearagao,18
Gregster31,18
npenza,18
Xoorgh,18
PhaedrusFlow,18
zdehasek,18
al3rez,18
dheerapat,18
kzagoris,18
cjoelrun,18
edmondso006,18
jamessimas,18
hoblin,18
ahkohd,18
smileart,18
clementnuss,19
Krymancer,19
sroberts,19
fpigeonjr,19
AlJohri,19
ghostdogs-Alan,19
digitaltrails,19
gabriel-curtino,19
diogoodev,19
albibenni,19
kevinmcconnell,19
ovistoica,19
jamesbellnet,19
ahaxu,19
rsd,19
arslanovngc,19
prog13,19
mwac-dev,19
JaberChowdhury,19
the-name-romel,19
garymc,19
prepin,19
gevera,19
sattary,19
noxidsoft,19
vcavallo,19
CEOehis,19
luski,19
lbonvarl,19
zakkarija,19
MateoGV14,19
hyprhex,19
davilera,19
vinibortoletto,19
Coding4Hours,19
bernixtersuper,19
pjv,19
jadesro,19
kaung-minkhant,19
mfornasa,19
yousseffjel,20
shubham-mamodiya,20
daemonp,20
ethantang93,20
DarrenVictoriano,20
cdj5492,20
SyedYaseen,20
MulSori,20
dexterhere04,20
mghextreme,20
odd-git,20
solsystemlabs,20
alvarosaavedra,20
voidapex11,20
Tharun-tharun,20
fatihprofil,20
joaosouzacoder,20
robertobarreda,20
mKay00,20
agata,20
vikramsingh117,20
masq6r,20
HFaustt,20
MananDesai54,20
jonbloor,20
soubky0,20
simon-ami,20
jandrusk,20
kira-coding,20
muzzwood,20
ochowie,20
OhmPatil,20
ecruzolivera,20
purrsec,20
addi-G998,20
rosa,20
Kajiysor,20
ammarove,20
stevenbecht,20
ddevault,21
crono64,21
NotGovernor,21
lucasmartins,21
Bekkenes,21
AR45H,21
mintplague,21
rowansps,21
almeidapaulooliveira,21
rsmirnov90,21
osiris-plus,21
cometaj2,21
sonicbhoc,21
glaucomonteiro,21
thatbeautifuldream,21
fabean,21
lschiavini,21
max2000warlord,21
atiqsamtia,21
fezaitsme,21
Gubio,21
coffnix,21
rainanDeveloper,21
tetrus93,21
lucashames-ct,21
juizmill,21
Swarnim114,21
badlydrawnface,21
lovillela,21
quickstar,21
vannaxpjf,21
MrTroika,21
Skedar,21
fsebiufsweijnohfew,21
thasreal,21
wenderjean,21
willfe,21
GyHUN95,21
cicku,22
tawksic,22
Julian194,22
helioascorreia,22
flavorjones,22
avaldez-gr,22
aokomorowski,22
eduardoborges,22
Britnell,22
Jerbear0,22
eduardomcv,22
jankeesvw,22
unikitty37,22
h4636oh,22
lewispb,22
johanns,22
jesse-windebank,22
TheoAndersen,22
caleb,22
m0unds,22
MentalGear,22
bersace,22
abuturabofficial,22
Ngquang,22
ZacAmnell,22
tannerellen,22
samuelpecher,22
vinnividivicci,22
goodroot,22
NickTheWilder,22
tylerjw,22
sxl613,22
RVZO6,22
mehraharsh019,23
PrAnAvViNaYaKjAdHaV,23
jkoestinger,23
felixzsh,23
joshuafouch,23
mohimirza,23
DevAthulX,23
onlyjuans,23
ethandpowers,23
farens,23
alvarikoke99,23
rparrapy,23
rantnar,23
vander00,23
juanvillacortac,23
ashaikh,23
data-davey,23
madebynoxc,23
brianspragge,23
madhavajay,23
imvaskii,23
ryrobes,23
muvaf,23
MrMarble,23
paidhi,24
etoromol,24
Jan747,24
jzimdars,24
einarthegolden,24
ciprimarian,24
trevorputbrese,24
NoaHimesaka1873,24
ahmed-zekry,24
lajjne,24
LiamBateman,24
Wynkrs,24
brianmario,24
jasencarroll,24
ako-kh,24
kernel0verflow,24
AdityaGarg8,24
ZorudaRinku,25
vitorbaptista,25
oluwatimio,25
eddieedease,25
geoffgarside,25
vschwaberow,25
brennancoslett,25
doctorguile,25
kedare,25
gaudi369,25
cristianuibar,25
Copilot,25
copilot-pull-request-reviewer[bot],25
acrogenesis,25
joonjeong,25
lgranie,26
gbk-tech,26
Maduki-tech,26
victorbueno,26
EskelinenAntti,26
HectorBjernersjo,26
slate-rehm,26
pkrueger,26
h14h,26
peterszarvas94,26
Theofilos-Chamalis,27
jjuel,27
israelfaria,27
xElkomy,27
remshams,27
Nueny,27
tbjornli,27
itsmedardan,27
perogycook,27
A0D1I2L3,27
nickheyer,28
JustJohny,28
TusharSharma811,28
ankur3-101106,28
caiohenrqq,28
GuzmanMD,28
dadoming,28
hvaldecantos,28
HamzaHeikal2011,28
heheda123123,28
AliQ80,29
fil2fr,29
mintisan,29
ArthurWillers,29
wleme,29
microrony,29
rajesh-sv,29
atorrez007,30
i-am-mike-davis,30
MathiasDevelopes,30
fijiaaron,30
muhlinux,30
etanshaul,30
oliverperboni,31
cinco,31
CAVALICIOUSDEV,31
ykolodyazhny,31
Dimonnnnchik,31
andich-xyz,31
grealish,32
g-hartmann-kanguro,32
iandol,32
brasilikum,32
kaedroho,32
Fazalkadivar21,33
enzops,33
wintermeyer,33
marcelhintermann,33
rixlabs,33
CodeShady,34
vvsatoshi,34
grumpydumpty,34
emmetdel,34
afoster,34
nelsons-coder,35
tpjwm,35
Sabadon,35
JordanAdair,35
JAMSHEDD2,35
cai0baa,36
CinnamonShaey,36
ToprakBZK,36
guibbv2011,36
Shashwat-Chauhan,37
DigitalArchon,37
zsolt-donca,37
dezren39,37
BBennettChiba,38
Xamnalim,38
eshedruf,38
joeonit,38
omaskery,39
spvky,39
foretoo,39
yingjiegau,39
danprueitt,40
matmis,40
LufoX11,40
hilderv,41
mateuspim,41
PauloHFS,41
dc-shimla,42
reza866,42
tjosten,42
curtislmartin,43
pheonick,43
sabari245,43
kbsali,44
l-konrad,44
KiskaLE,44
akthe-at,45
Davilonchi,45
acatighera,45
coryellcp,46
aloshbennett,46
brwaters,46
hbilbo,47
thearchitected,47
thomasbigger584,47
Sekiro19,48
jimmypoulsen,48
cover,48
eduardobatista,49
jakecornet,49
Scorpek,49
Dzubrul,50
devndevs,50
sifenfisaha,50
Vonzedlitz,51
OmericoN,51
luishg,51
martin-braun,52
williavs,52
dansdantas,52
Traves-Theberge,53
cpburm,53
PraveenC2002,53
omarchy-user,54
Kro0noss,54
beniaminogreen,54
imdoingsomething,55
Grawave,55
Yug3ne,55
sk-40,56
ath31st,56
Dan-Kingsley,56
HoseaLyu,57
rwwiv,57
silverskymedia,57
NathanaelRea,58
nathanp,58
Flashengo,58
sixfourtwelve,59
yawaramin,59
fhammerschmidt,59
NightOwl80,60
KristianHolme,60
MaxFaucon,61
makcakaya,61
itspers,62
Hitesh01839,62
voidberg,63
kskoba,63
andrewhoyer,64
alexpotato,64
Absolpega,65
matthriscu,65
stephen-palmer,66
feiwhang,66
sauryagur,67
luiswitz,67
Hedayatbakhshi,68
MutasemKhatab,68
SpBills,69
rusty-genius,69
defmodenet,70
RohithReddy-45,70
abbaty48,71
instak1ll,71
ryanMeredith,72
FitzsimmonsDF,72
sondaoanh,73
AncapDesign,73
zigatrcek,74
sharqawycs,74
joelsifres,75
Netoun,75
taufikherjanto,76
kyawzinhtett,76
Aliyan-cmd,77
danielucho345,77
Graphical27,78
MirasMustimov,78
