source,target,tipo_interacao,peso
dhh,marionuevo,fechamento_issue,3
dhh,coryellcp,fechamento_issue,3
dhh,felixzsh,fechamento_issue,3
dhh,jondkinney,fechamento_issue,3
dhh,jbnunn,fechamento_issue,3
dhh,felixzsh,fechamento_issue,3
dhh,felixzsh,fechamento_issue,3
dhh,revan1611,fechamento_issue,3
dhh,bjarneo,fechamento_issue,3
dhh,LukasTrust,fechamento_issue,3
dhh,patroza,fechamento_issue,3
dhh,MangelMaxime,fechamento_issue,3
dhh,brink-lab,fechamento_issue,3
dhh,PierruMagnus,fechamento_issue,3
dhh,landsman,fechamento_issue,3
dhh,RushiChaganti,fechamento_issue,3
dhh,KR9SIS,fechamento_issue,3
dhh,EmrysMyrddin,fechamento_issue,3
dhh,bjarneo,fechamento_issue,3
dhh,defer,fechamento_issue,3
dhh,Randomovski,fechamento_issue,3
dhh,DarrenVictoriano,fechamento_issue,3
dhh,nixsh5,fechamento_issue,3
ryanrhughes,abenz1267,fechamento_issue,3
dhh,Jeevan00-1,fechamento_issue,3
dhh,daviewales,fechamento_issue,3
dhh,jelenv,fechamento_issue,3
dhh,rblalock,fechamento_issue,3
dhh,tahayvr,fechamento_issue,3
dhh,realjuangalt,fechamento_issue,3
dhh,daviewales,fechamento_issue,3
dhh,daviewales,fechamento_issue,3
dhh,rogeriopvl,fechamento_issue,3
dhh,abenz1267,fechamento_issue,3
dhh,DarrenVictoriano,fechamento_issue,3
dhh,abenz1267,fechamento_issue,3
dhh,abenz1267,fechamento_issue,3
dhh,larrydewey,fechamento_issue,3
dhh,AugustoRickes,fechamento_issue,3
dhh,dec05eba,fechamento_issue,3
dhh,William-Jay-Inclino,fechamento_issue,3
dhh,Grepsy,fechamento_issue,3
dhh,himangshusingh,fechamento_issue,3
dhh,patroza,fechamento_issue,3
dhh,hamkoroke,fechamento_issue,3
dhh,andnig,fechamento_issue,3
dhh,whitallee,fechamento_issue,3
dhh,wqsaali,fechamento_issue,3
dhh,abrahamarslan,fechamento_issue,3
dhh,inad9300,fechamento_issue,3
dhh,Rovel,fechamento_issue,3
dhh,tonysm,fechamento_issue,3
dhh,gregg-cbs,fechamento_issue,3
dhh,landsman,fechamento_issue,3
ryanrhughes,tsurelad,fechamento_issue,3
dhh,DanteIs897,fechamento_issue,3
dhh,neheb,fechamento_issue,3
dhh,NicolasDorier,fechamento_issue,3
dhh,chrislewis,fechamento_issue,3
dhh,pgmdpfcon,fechamento_issue,3
dhh,MislavPukljak,fechamento_issue,3
dhh,bjarneo,fechamento_issue,3
dhh,ctarx,fechamento_issue,3
dhh,sleao,fechamento_issue,3
dhh,nightdevil00,fechamento_issue,3
dhh,jordihoven,fechamento_issue,3
dhh,siebertm,fechamento_issue,3
dhh,MislavPukljak,fechamento_issue,3
dhh,opajanvv,fechamento_issue,3
dhh,AdamMusa,fechamento_issue,3
dhh,AdamMusa,fechamento_issue,3
ryanrhughes,ammarove,fechamento_issue,3
dhh,mlombardi96,fechamento_issue,3
dhh,tionichm,fechamento_issue,3
dhh,vander00,fechamento_issue,3
dhh,nakul-krishnakumar,fechamento_issue,3
dhh,eososlinux,fechamento_issue,3
dhh,HappyNZ95,fechamento_issue,3
dhh,grimy192837465,fechamento_issue,3
dhh,Carloswelliton,fechamento_issue,3
dhh,evanh1393,fechamento_issue,3
dhh,tibbe,fechamento_issue,3
ryanrhughes,sk4rrjin,fechamento_issue,3
dhh,tibbe,fechamento_issue,3
dhh,mikailbayram,fechamento_issue,3
dhh,Mayank-8127,fechamento_issue,3
dhh,budnik,fechamento_issue,3
dhh,Diing54,fechamento_issue,3
dhh,mir4zul,fechamento_issue,3
dhh,KrisKind75,fechamento_issue,3
dhh,fcmiranda,fechamento_issue,3
dhh,bombless,fechamento_issue,3
dhh,illangpasandre-prog,fechamento_issue,3
dhh,shelldandy,fechamento_issue,3
dhh,adam-zluva,fechamento_issue,3
dhh,czroth,fechamento_issue,3
dhh,MatyiFKBT,fechamento_issue,3
dhh,tomschlick,fechamento_issue,3
dhh,robzolkos,fechamento_issue,3
dhh,MidnightSlicer,fechamento_issue,3
dhh,chancedomore,fechamento_issue,3
dhh,MidnightSlicer,fechamento_issue,3
dhh,a-sologub,fechamento_issue,3
dhh,liaobinbin,fechamento_issue,3
dhh,jandrusk,fechamento_issue,3
dhh,slinn-01,fechamento_issue,3
dhh,kromsam,fechamento_issue,3
dhh,y0no,fechamento_issue,3
dhh,BajaBlasta,fechamento_issue,3
dhh,brianblakely,fechamento_issue,3
dhh,d-cas,fechamento_issue,3
dhh,AurelienBoland,fechamento_issue,3
dhh,AurelienBoland,fechamento_issue,3
dhh,saeedvaziry,fechamento_issue,3
dhh,zigmoo,fechamento_issue,3
dhh,patroza,fechamento_issue,3
dhh,revan1611,fechamento_issue,3
dhh,samanshirdel,fechamento_issue,3
dhh,BirajMainali,fechamento_issue,3
dhh,wolfgangw,fechamento_issue,3
dhh,russell-davis,fechamento_issue,3
dhh,russell-davis,fechamento_issue,3
dhh,miharekar,fechamento_issue,3
dhh,miharekar,fechamento_issue,3
dhh,miharekar,fechamento_issue,3
dhh,artfwo,fechamento_issue,3
dhh,IrregularPersona,fechamento_issue,3
ryanrhughes,dhh,fechamento_issue,3
dhh,AhmedCharfeddine,fechamento_issue,3
dhh,morgoth,fechamento_issue,3
dhh,etmartinkazoo,fechamento_issue,3
ryanrhughes,nightdevil00,fechamento_issue,3
dhh,killeik,fechamento_issue,3
dhh,innerviewer,fechamento_issue,3
dhh,ZeroSegFault,fechamento_issue,3
dhh,innerviewer,fechamento_issue,3
dhh,MBMarsell,fechamento_issue,3
dhh,olehrstm,fechamento_issue,3
dhh,avinashjoshi,fechamento_issue,3
dhh,zestfulmouse,fechamento_issue,3
ryanrhughes,medrinnn,fechamento_issue,3
dhh,Britnell,fechamento_issue,3
dhh,maromalo,fechamento_issue,3
dhh,ablzh,fechamento_issue,3
ryanrhughes,MaryamTarek03,fechamento_issue,3
dhh,SoAp9035,fechamento_issue,3
dhh,SuspendTV,fechamento_issue,3
dhh,gyaaniguy,fechamento_issue,3
dhh,Rishabh-Sarang,fechamento_issue,3
dhh,osmansemir,fechamento_issue,3
dhh,williavs,fechamento_issue,3
dhh,ry10hu,fechamento_issue,3
dhh,bhood239,fechamento_issue,3
dhh,vander00,fechamento_issue,3
dhh,StorytellerCZ,fechamento_issue,3
dhh,ElBrodino,fechamento_issue,3
dhh,MrMarble,fechamento_issue,3
dhh,tirab,fechamento_issue,3
dhh,micahkepe,fechamento_issue,3
dhh,brianblakely,fechamento_issue,3
ryanrhughes,RodriMora,fechamento_issue,3
dhh,LomSeb,fechamento_issue,3
ryanrhughes,pandelig,fechamento_issue,3
dhh,kubos5,fechamento_issue,3
dhh,lmello0,fechamento_issue,3
dhh,imvaskii,fechamento_issue,3
dhh,carlinhoshk,fechamento_issue,3
dhh,Shubham-Chy,fechamento_issue,3
dhh,ryrobes,fechamento_issue,3
dhh,lukehowson,fechamento_issue,3
dhh,joshuafouch,fechamento_issue,3
dhh,infogulch,fechamento_issue,3
dhh,mmorri,fechamento_issue,3
dhh,mmorri,fechamento_issue,3
dhh,MangelMaxime,fechamento_issue,3
dhh,LukasTrust,fechamento_issue,3
dhh,dcadenas,fechamento_issue,3
dhh,mmorri,fechamento_issue,3
dhh,mmorri,fechamento_issue,3
dhh,paul-fornage,fechamento_issue,3
dhh,MadMax-067,fechamento_issue,3
dhh,jwkicklighter,fechamento_issue,3
dhh,ElBrodino,fechamento_issue,3
dhh,LinAnt,fechamento_issue,3
dhh,ranger-ross,fechamento_issue,3
dhh,ryanrhughes,fechamento_issue,3
dhh,ToniFeliudeC,fechamento_issue,3
dhh,AdamMusa,fechamento_issue,3
dhh,mir-hussain,fechamento_issue,3
dhh,ardfard,fechamento_issue,3
dhh,NeimadTL,fechamento_issue,3
dhh,ctarx,fechamento_issue,3
ryanrhughes,felixzsh,fechamento_issue,3
ryanrhughes,hossimo,fechamento_issue,3
ryanrhughes,merouaneamqor,fechamento_issue,3
dhh,ElBrodino,fechamento_issue,3
dhh,Rishabh-Sarang,fechamento_issue,3
dhh,JoaoPedro-cody,fechamento_issue,3
dhh,ctarx,fechamento_issue,3
dhh,Luquatic,fechamento_issue,3
dhh,Shubham-Chy,fechamento_issue,3
ryanrhughes,mir4zul,fechamento_issue,3
ryanrhughes,daltsan,fechamento_issue,3
dhh,hirschnase,fechamento_issue,3
ryanrhughes,phara0n,fechamento_issue,3
ryanrhughes,P1tchZ3r0,fechamento_issue,3
dhh,mghalix,fechamento_issue,3
dhh,Rishabh-Sarang,fechamento_issue,3
ryanrhughes,Anik200,fechamento_issue,3
ryanrhughes,zenhooms123321-stack,fechamento_issue,3
dhh,Michallote,fechamento_issue,3
dhh,alexperreault,fechamento_issue,3
ryanrhughes,mohamedbril,fechamento_issue,3
ryanrhughes,g1sbi,fechamento_issue,3
dhh,jschulenklopper,fechamento_issue,3
dhh,gyaaniguy,fechamento_issue,3
ryanrhughes,vrajpat3ll,fechamento_issue,3
ryanrhughes,SYKwong,fechamento_issue,3
dhh,thehouseisonfire,fechamento_issue,3
ryanrhughes,brink-lab,fechamento_issue,3
dhh,opiero,fechamento_issue,3
ryanrhughes,stoicz,fechamento_issue,3
dhh,manuel1618,fechamento_issue,3
dhh,Zxuus,fechamento_issue,3
ryanrhughes,Zxuus,fechamento_issue,3
ryanrhughes,cairin,fechamento_issue,3
dhh,zeinalsulaiman-cmyk,fechamento_issue,3
dhh,Rishabh-Sarang,fechamento_issue,3
ryanrhughes,rmusaev99,fechamento_issue,3
dhh,shelldandy,fechamento_issue,3
ryanrhughes,Shankar-1212,fechamento_issue,3
dhh,KaylonR,fechamento_issue,3
ryanrhughes,devsujalpatel,fechamento_issue,3
dhh,alex-305,fechamento_issue,3
ryanrhughes,dhh,fechamento_issue,3
dhh,joshuafouch,fechamento_issue,3
ryanrhughes,rCirelli,fechamento_issue,3
dhh,pachuc,fechamento_issue,3
dhh,pedroadame,fechamento_issue,3
dhh,iamparmjeet,fechamento_issue,3
dhh,dxrkinfuser44,fechamento_issue,3
dhh,alexandersix,fechamento_issue,3
dhh,fcoelhomrc,fechamento_issue,3
dhh,pelephant2,fechamento_issue,3
ryanrhughes,pelephant2,fechamento_issue,3
ryanrhughes,landsman,fechamento_issue,3
ryanrhughes,sepulworld,fechamento_issue,3
dhh,SamrudhNelli,fechamento_issue,3
ryanrhughes,henderb,fechamento_issue,3
ryanrhughes,ist14k,fechamento_issue,3
dhh,garovu,fechamento_issue,3
ryanrhughes,SoAp9035,fechamento_issue,3
dhh,GyHUN95,fechamento_issue,3
ryanrhughes,fisika1729,fechamento_issue,3
dhh,ernanvr,fechamento_issue,3
ryanrhughes,denisu14,fechamento_issue,3
dhh,glauberdmo,fechamento_issue,3
dhh,NicolasDorier,fechamento_issue,3
dhh,neheb,fechamento_issue,3
dhh,EstebanForge,fechamento_issue,3
ryanrhughes,vnijs,fechamento_issue,3
dhh,phenomen,fechamento_issue,3
dhh,shahriyardx,fechamento_issue,3
dhh,theajmalrazaq,fechamento_issue,3
ryanrhughes,raphaeleliass,fechamento_issue,3
dhh,boozlbork,fechamento_issue,3
ryanrhughes,justpurv,fechamento_issue,3
dhh,chrisroundhill,fechamento_issue,3
dhh,tahayvr,fechamento_issue,3
dhh,fldc,fechamento_issue,3
dhh,jzetterman,fechamento_issue,3
ryanrhughes,Mohamedsayhii,fechamento_issue,3
dhh,sedubois,fechamento_issue,3
dhh,Matt-Ord,fechamento_issue,3
dhh,TheAhumMaitra,fechamento_issue,3
dhh,mythz,fechamento_issue,3
dhh,TheAhumMaitra,fechamento_issue,3
ryanrhughes,5w5,fechamento_issue,3
dhh,boozlbork,fechamento_issue,3
ryanrhughes,wolfgangw,fechamento_issue,3
dhh,ATeal,fechamento_issue,3
ryanrhughes,assada,fechamento_issue,3
dhh,chrisroundhill,fechamento_issue,3
dhh,sgruendel,fechamento_issue,3
dhh,LabGuy94,fechamento_issue,3
ryanrhughes,Shankar-1212,fechamento_issue,3
ryanrhughes,shahriyardx,fechamento_issue,3
dhh,Call911plz,fechamento_issue,3
dhh,brennancoslett,fechamento_issue,3
ryanrhughes,bhood239,fechamento_issue,3
dhh,bscott,fechamento_issue,3
ryanrhughes,slinn-01,fechamento_issue,3
dhh,jimmypoulsen,fechamento_issue,3
dhh,timohubois,fechamento_issue,3
dhh,jondkinney,fechamento_issue,3
dhh,wiehann,fechamento_issue,3
dhh,wiehann,fechamento_issue,3
dhh,Sittlon,fechamento_issue,3
dhh,julianZeitler,fechamento_issue,3
dhh,jb0gie,fechamento_issue,3
dhh,Call911plz,fechamento_issue,3
dhh,brianblakely,fechamento_issue,3
dhh,Riao9,fechamento_issue,3
dhh,hyprhex,fechamento_issue,3
dhh,baxtr,fechamento_issue,3
dhh,brink-lab,fechamento_issue,3
ryanrhughes,SoAp9035,fechamento_issue,3
ryanrhughes,brasilikum,fechamento_issue,3
dhh,hyprhex,fechamento_issue,3
dhh,dakshesh14,fechamento_issue,3
ryanrhughes,MadMax-067,fechamento_issue,3
dhh,brunoh3art,fechamento_issue,3
ryanrhughes,Kashan-amd,fechamento_issue,3
dhh,abenz1267,fechamento_issue,3
dhh,rafa-alves6,fechamento_issue,3
dhh,ayan-de,fechamento_issue,3
ryanrhughes,bpidperygora,fechamento_issue,3
ryanrhughes,battlej07,fechamento_issue,3
ryanrhughes,matevzg,fechamento_issue,3
dhh,rthabett,fechamento_issue,3
ryanrhughes,defaultdino,fechamento_issue,3
dhh,rthabett,fechamento_issue,3
ryanrhughes,landsman,fechamento_issue,3
dhh,Naelpuissant,fechamento_issue,3
dhh,nemoralis,fechamento_issue,3
dhh,vyrx-dev,fechamento_issue,3
dhh,davidbasilefilho,fechamento_issue,3
dhh,ablluu,fechamento_issue,3
dhh,hendrikb,fechamento_issue,3
dhh,QuarkOnRails,fechamento_issue,3
dhh,miharekar,fechamento_issue,3
dhh,CantC0unt,fechamento_issue,3
ryanrhughes,executionreverted,fechamento_issue,3
dhh,Rishabh-Sarang,fechamento_issue,3
dhh,CantC0unt,fechamento_issue,3
ryanrhughes,42kiko,fechamento_issue,3
ryanrhughes,ZorudaRinku,fechamento_issue,3
dhh,rami-shalhoub,fechamento_issue,3
dhh,Rovetown,fechamento_issue,3
ryanrhughes,h4z-dev,fechamento_issue,3
ryanrhughes,gonzochic,fechamento_issue,3
dhh,richecr,fechamento_issue,3
dhh,lukehsiao,fechamento_issue,3
ryanrhughes,devbrsa,fechamento_issue,3
ryanrhughes,ddVital,fechamento_issue,3
dhh,tomasolsinar,fechamento_issue,3
dhh,manuel1618,fechamento_issue,3
dhh,FatalCatharsis,fechamento_issue,3
dhh,samanshirdel,fechamento_issue,3
ryanrhughes,dheerapat,fechamento_issue,3
ryanrhughes,arampak,fechamento_issue,3
ryanrhughes,Roilan,fechamento_issue,3
dhh,johannesnormannjensen,fechamento_issue,3
dhh,landsman,fechamento_issue,3
dhh,carljohanlandin,fechamento_issue,3
ryanrhughes,czlowiek488,fechamento_issue,3
dhh,ryanrhughes,fechamento_issue,3
ryanrhughes,gray-adeyi,fechamento_issue,3
ryanrhughes,huuaho,fechamento_issue,3
dhh,slamotte,fechamento_issue,3
dhh,nqst,fechamento_issue,3
dhh,morgoth,fechamento_issue,3
dhh,lukehsiao,fechamento_issue,3
dhh,lukehsiao,fechamento_issue,3
ryanrhughes,fidelisakilan,fechamento_issue,3
dhh,lukehsiao,fechamento_issue,3
dhh,lukehsiao,fechamento_issue,3
dhh,defer,fechamento_issue,3
ryanrhughes,gingerpickle99,fechamento_issue,3
ryanrhughes,sa-dd,fechamento_issue,3
ryanrhughes,abenz1267,fechamento_issue,3
ryanrhughes,sparky0520,fechamento_issue,3
dhh,alexperreault,fechamento_issue,3
dhh,celsobenedetti,fechamento_issue,3
dhh,Paulie420,fechamento_issue,3
ryanrhughes,camilonova,fechamento_issue,3
dhh,jelenv,fechamento_issue,3
dhh,Luquatic,fechamento_issue,3
dhh,nightdevil00,fechamento_issue,3
dhh,PhilIsHere,fechamento_issue,3
ryanrhughes,baleygr-ofnir,fechamento_issue,3
ryanrhughes,baleygr-ofnir,fechamento_issue,3
ryanrhughes,AFFLatusss,fechamento_issue,3
dhh,d-cas,fechamento_issue,3
ryanrhughes,MatthewABrantley,fechamento_issue,3
ryanrhughes,Dynasty8614,fechamento_issue,3
dhh,anime-in-the-world,fechamento_issue,3
ryanrhughes,danielpavone,fechamento_issue,3
dhh,artfwo,fechamento_issue,3
ryanrhughes,mcolinp,fechamento_issue,3
dhh,ludagoo,fechamento_issue,3
ryanrhughes,r3nor,fechamento_issue,3
ryanrhughes,philippeback,fechamento_issue,3
dhh,PhilIsHere,fechamento_issue,3
dhh,victorbueno,fechamento_issue,3
dhh,giovantenne,fechamento_issue,3
dhh,defer,fechamento_issue,3
dhh,mvaled,fechamento_issue,3
dhh,miharekar,fechamento_issue,3
dhh,woopstar,fechamento_issue,3
ryanrhughes,koepalex,fechamento_issue,3
dhh,mlombardi96,fechamento_issue,3
dhh,oxidebits,fechamento_issue,3
ryanrhughes,minh-cong,fechamento_issue,3
dhh,tahaN415,fechamento_issue,3
ryanrhughes,Else00,fechamento_issue,3
ryanrhughes,tomasnorre,fechamento_issue,3
ryanrhughes,elton-cs,fechamento_issue,3
ryanrhughes,sa-dd,fechamento_issue,3
dhh,sa-dd,fechamento_issue,3
dhh,budnik,fechamento_issue,3
ryanrhughes,Phrozenn1,fechamento_issue,3
ryanrhughes,ebaerwald,fechamento_issue,3
ryanrhughes,NiWe03,fechamento_issue,3
ryanrhughes,oxidebits,fechamento_issue,3
ryanrhughes,maietta,fechamento_issue,3
dhh,hyprhex,fechamento_issue,3
dhh,samuelpecher,fechamento_issue,3
ryanrhughes,CGCM070,fechamento_issue,3
ryanrhughes,heheda123123,fechamento_issue,3
ryanrhughes,heheda123123,fechamento_issue,3
ryanrhughes,mmsbrggr,fechamento_issue,3
ryanrhughes,mmsbrggr,fechamento_issue,3
dhh,alexhraber,fechamento_issue,3
ryanrhughes,gabriel-curtino,fechamento_issue,3
dhh,JustinMissmahl,fechamento_issue,3
dhh,shelldandy,fechamento_issue,3
ryanrhughes,lavavex,fechamento_issue,3
ryanrhughes,Travcort,fechamento_issue,3
dhh,vaqMAD,fechamento_issue,3
dhh,Sergiogd112,fechamento_issue,3
ryanrhughes,GuzmanMD,fechamento_issue,3
dhh,Sergiogd112,fechamento_issue,3
dhh,Gallardo7761,fechamento_issue,3
dhh,miharekar,fechamento_issue,3
dhh,prathamngundikere,fechamento_issue,3
ryanrhughes,prathamngundikere,fechamento_issue,3
dhh,nqst,fechamento_issue,3
dhh,abenz1267,fechamento_issue,3
dhh,pkrzysiekk,fechamento_issue,3
dhh,jondkinney,fechamento_issue,3
ryanrhughes,rplankenhorn,fechamento_issue,3
dhh,jeffmancilla,fechamento_issue,3
dhh,vaqMAD,fechamento_issue,3
dhh,dubu-heart,fechamento_issue,3
dhh,RushiChaganti,fechamento_issue,3
dhh,harshvsri,fechamento_issue,3
dhh,kvidaxl,fechamento_issue,3
ryanrhughes,KunalGautam,fechamento_issue,3
ryanrhughes,seanpk,fechamento_issue,3
dhh,vikramsingh117,fechamento_issue,3
dhh,View-my-Git-Lab-krafi,fechamento_issue,3
ryanrhughes,mikemayuare,fechamento_issue,3
dhh,ryanrhughes,fechamento_issue,3
ryanrhughes,guirossibrum,fechamento_issue,3
dhh,atcriteria,fechamento_issue,3
dhh,sgruendel,fechamento_issue,3
dhh,terrablue,fechamento_issue,3
dhh,AlwaysRead,fechamento_issue,3
dhh,NicolasDorier,fechamento_issue,3
dhh,andrepadez,fechamento_issue,3
dhh,zsolt-donca,fechamento_issue,3
dhh,morgoth,fechamento_issue,3
ryanrhughes,ColtonIdle,fechamento_issue,3
dhh,gustavedenis,fechamento_issue,3
ryanrhughes,molhamfetnah,fechamento_issue,3
dhh,kshatriya-abhay,fechamento_issue,3
dhh,vaqMAD,fechamento_issue,3
ryanrhughes,vaqMAD,fechamento_issue,3
ryanrhughes,ocewers,fechamento_issue,3
dhh,guirossibrum,fechamento_issue,3
ryanrhughes,Furyfree,fechamento_issue,3
ryanrhughes,gammons,fechamento_issue,3
dhh,alexhraber,fechamento_issue,3
dhh,gangaasoonu,fechamento_issue,3
dhh,gangaasoonu,fechamento_issue,3
dhh,morgoth,fechamento_issue,3
dhh,hyprhex,fechamento_issue,3
dhh,cakePhone,fechamento_issue,3
dhh,w3ntry,fechamento_issue,3
dhh,d0ctr,fechamento_issue,3
dhh,sgruendel,fechamento_issue,3
dhh,RenzoRichter,fechamento_issue,3
dhh,IngridMorstrad,fechamento_issue,3
ryanrhughes,sashi12222,fechamento_issue,3
dhh,joaofelipegalvao,fechamento_issue,3
dhh,cluah,fechamento_issue,3
dhh,impost0r,fechamento_issue,3
ryanrhughes,infogulch,fechamento_issue,3
dhh,matiasmoya,fechamento_issue,3
dhh,matiasmoya,fechamento_issue,3
dhh,rsd,fechamento_issue,3
ryanrhughes,eduardobatista,fechamento_issue,3
ryanrhughes,LazyStability,fechamento_issue,3
ryanrhughes,ameeno,fechamento_issue,3
ryanrhughes,edmooredop,fechamento_issue,3
dhh,rafaelvzago,fechamento_issue,3
dhh,rajofearth,fechamento_issue,3
ryanrhughes,babu-fr1k,fechamento_issue,3
dhh,samuelpecher,fechamento_issue,3
ryanrhughes,matasuge200,fechamento_issue,3
ryanrhughes,Zalmez,fechamento_issue,3
dhh,nicoestrada,fechamento_issue,3
dhh,killeik,fechamento_issue,3
ryanrhughes,Rovetown,fechamento_issue,3
ryanrhughes,Abdirrahman,fechamento_issue,3
dhh,YannickHerrero,fechamento_issue,3
dhh,ameeno,fechamento_issue,3
ryanrhughes,yuri-xyz,fechamento_issue,3
ryanrhughes,AnubhavPabby,fechamento_issue,3
ryanrhughes,gangaasoonu,fechamento_issue,3
dhh,gangaasoonu,fechamento_issue,3
dhh,gangaasoonu,fechamento_issue,3
dhh,mlombardi96,fechamento_issue,3
ryanrhughes,Matthew-act546,fechamento_issue,3
ryanrhughes,liams000,fechamento_issue,3
ryanrhughes,Ryaja2,fechamento_issue,3
ryanrhughes,deanandreakis,fechamento_issue,3
ryanrhughes,vlofgren,fechamento_issue,3
dhh,Woosah,fechamento_issue,3
dhh,WojtekMatula,fechamento_issue,3
ryanrhughes,michaelosmith,fechamento_issue,3
dhh,e-minguez,fechamento_issue,3
dhh,CaffeinatedTech,fechamento_issue,3
dhh,kyedavey,fechamento_issue,3
dhh,Furyfree,fechamento_issue,3
dhh,Woosah,fechamento_issue,3
dhh,devzeth,fechamento_issue,3
ryanrhughes,jimd0t,fechamento_issue,3
dhh,AlexZeitler,fechamento_issue,3
ryanrhughes,colutti,fechamento_issue,3
ryanrhughes,jamesmcm,fechamento_issue,3
ryanrhughes,colutti,fechamento_issue,3
dhh,odnmalau,fechamento_issue,3
ryanrhughes,antonavy,fechamento_issue,3
dhh,alexperreault,fechamento_issue,3
dhh,jmargeta,fechamento_issue,3
ryanrhughes,landsman,fechamento_issue,3
ryanrhughes,davidbasilefilho,fechamento_issue,3
dhh,cristian-fleischer,fechamento_issue,3
ryanrhughes,xnileshtiwari,fechamento_issue,3
ryanrhughes,vrinek,fechamento_issue,3
dhh,vyrx-dev,fechamento_issue,3
dhh,phucisstupid,fechamento_issue,3
ryanrhughes,Canatulee,fechamento_issue,3
dhh,aislandener,fechamento_issue,3
ryanrhughes,ZeraTS,fechamento_issue,3
ryanrhughes,CwalkPinoy,fechamento_issue,3
dhh,thooams,fechamento_issue,3
ryanrhughes,helioascorreia,fechamento_issue,3
dhh,ludagoo,fechamento_issue,3
dhh,eifr,fechamento_issue,3
dhh,pixincreate,fechamento_issue,3
ryanrhughes,btbishop93,fechamento_issue,3
dhh,ShrootBuck,fechamento_issue,3
dhh,ericjim,fechamento_issue,3
dhh,0xMarius,fechamento_issue,3
ryanrhughes,syabro,fechamento_issue,3
dhh,Somnius,fechamento_issue,3
dhh,Somnius,fechamento_issue,3
dhh,Somnius,fechamento_issue,3
ryanrhughes,AnonymousCoderArtist,fechamento_issue,3
ryanrhughes,MikaelWeiss,fechamento_issue,3
ryanrhughes,thelifeandtimes,fechamento_issue,3
dhh,phantom-kali,fechamento_issue,3
dhh,iamobservable,fechamento_issue,3
dhh,j-c-m,fechamento_issue,3
ryanrhughes,zxcfilatov,fechamento_issue,3
ryanrhughes,dl-alexandre,fechamento_issue,3
dhh,meirdick,fechamento_issue,3
dhh,vladkhard,fechamento_issue,3
ryanrhughes,BestCoder1877,fechamento_issue,3
dhh,meirdick,fechamento_issue,3
ryanrhughes,dimmerz92,fechamento_issue,3
ryanrhughes,satyapraneet63,fechamento_issue,3
ryanrhughes,satyapraneet63,fechamento_issue,3
ryanrhughes,coffnix,fechamento_issue,3
dhh,Shreyas-ITB,fechamento_issue,3
dhh,ptsmonteiro,fechamento_issue,3
dhh,adriandersen,fechamento_issue,3
dhh,ptsmonteiro,fechamento_issue,3
ryanrhughes,rublev,fechamento_issue,3
dhh,woopstar,fechamento_issue,3
dhh,wey-gu,fechamento_issue,3
ryanrhughes,joelgaff,fechamento_issue,3
dhh,scossar,fechamento_issue,3
ryanrhughes,jpumfrey,fechamento_issue,3
ryanrhughes,alexjp,fechamento_issue,3
ryanrhughes,e0,fechamento_issue,3
dhh,sarrietav-dev,fechamento_issue,3
dhh,mirzap,fechamento_issue,3
ryanrhughes,arthur404dev,fechamento_issue,3
ryanrhughes,e-minguez,fechamento_issue,3
ryanrhughes,Furyfree,fechamento_issue,3
ryanrhughes,Furyfree,fechamento_issue,3
ryanrhughes,GreenHacker420,fechamento_issue,3
ryanrhughes,e-minguez,fechamento_issue,3
dhh,matt-h,fechamento_issue,3
ryanrhughes,woopstar,fechamento_issue,3
ryanrhughes,lawsontaylor,fechamento_issue,3
ryanrhughes,Kurizek27,fechamento_issue,3
dhh,eifr,fechamento_issue,3
ryanrhughes,kvidaxl,fechamento_issue,3
ryanrhughes,Shastryji,fechamento_issue,3
ryanrhughes,tcurdt,fechamento_issue,3
ryanrhughes,mattsontrygve-dot,fechamento_issue,3
ryanrhughes,guibbv2011,fechamento_issue,3
dhh,segusantos,fechamento_issue,3
ryanrhughes,Lejoni,fechamento_issue,3
dhh,tarekbecker,fechamento_issue,3
ryanrhughes,iamobservable,fechamento_issue,3
dhh,nqst,fechamento_issue,3
ryanrhughes,shawnyeager,fechamento_issue,3
ryanrhughes,vynguyen205,fechamento_issue,3
ryanrhughes,ddevault,fechamento_issue,3
ryanrhughes,FlameHorizon,fechamento_issue,3
dhh,alexperreault,fechamento_issue,3
dhh,vyrx-dev,fechamento_issue,3
ryanrhughes,gapf2010,fechamento_issue,3
dhh,adelplace,fechamento_issue,3
ryanrhughes,ajmeese7,fechamento_issue,3
ryanrhughes,shubham-mamodiya,fechamento_issue,3
dhh,Justikun,fechamento_issue,3
dhh,dharmavagabond,fechamento_issue,3
ryanrhughes,stallmer,fechamento_issue,3
ryanrhughes,alfarhan,fechamento_issue,3
ryanrhughes,JosefAmbruz,fechamento_issue,3
dhh,ryanrhughes,fechamento_issue,3
ryanrhughes,mlabbe,fechamento_issue,3
dhh,jardahrazdera,fechamento_issue,3
ryanrhughes,prepin,fechamento_issue,3
dhh,aquaspy,fechamento_issue,3
dhh,R1kaB3rN,fechamento_issue,3
dhh,skutaada,fechamento_issue,3
dhh,crqch,fechamento_issue,3
dhh,crqch,fechamento_issue,3
ryanrhughes,crqch,fechamento_issue,3
dhh,iqre8,fechamento_issue,3
dhh,crqch,fechamento_issue,3
ryanrhughes,bdbch,fechamento_issue,3
ryanrhughes,tjcwilk,fechamento_issue,3
dhh,woopstar,fechamento_issue,3
ryanrhughes,DallinTG,fechamento_issue,3
dhh,ryanrhughes,fechamento_issue,3
ryanrhughes,shawnyeager,fechamento_issue,3
ryanrhughes,amanat361,fechamento_issue,3
ryanrhughes,Chase78712002,fechamento_issue,3
ryanrhughes,EfeDevirgen,fechamento_issue,3
dhh,justinhhorner,fechamento_issue,3
ryanrhughes,Pintjebier,fechamento_issue,3
dhh,qasimsk20,fechamento_issue,3
ryanrhughes,pheonick,fechamento_issue,3
ryanrhughes,tjcwilk,fechamento_issue,3
ryanrhughes,djordje,fechamento_issue,3
ryanrhughes,bdbch,fechamento_issue,3
ryanrhughes,JPHultra,fechamento_issue,3
dhh,ctarx,fechamento_issue,3
dhh,kyleGrealis,fechamento_issue,3
dhh,vrinek,fechamento_issue,3
ryanrhughes,KiskaLE,fechamento_issue,3
ryanrhughes,mrios69,fechamento_issue,3
ryanrhughes,euandeas,fechamento_issue,3
ryanrhughes,jkc-2,fechamento_issue,3
dhh,sgruendel,fechamento_issue,3
ryanrhughes,tekumara,fechamento_issue,3
dhh,ludagoo,fechamento_issue,3
dhh,ryanrhughes,fechamento_issue,3
ryanrhughes,kyedavey,fechamento_issue,3
ryanrhughes,jpow18,fechamento_issue,3
dhh,jmelahman,fechamento_issue,3
ryanrhughes,Rakura-cloud,fechamento_issue,3
dhh,js,fechamento_issue,3
dhh,acrogenesis,fechamento_issue,3
ryanrhughes,pampa,fechamento_issue,3
dhh,tahayvr,fechamento_issue,3
ryanrhughes,MichaelGame-Dev,fechamento_issue,3
ryanrhughes,alcides,fechamento_issue,3
ryanrhughes,rixlabs,fechamento_issue,3
ryanrhughes,jamerrq,fechamento_issue,3
ryanrhughes,ablzh,fechamento_issue,3
ryanrhughes,mroboff,fechamento_issue,3
dhh,Ladeby,fechamento_issue,3
ryanrhughes,bcavaco,fechamento_issue,3
dhh,andresatierf,fechamento_issue,3
ryanrhughes,John-Lin,fechamento_issue,3
ryanrhughes,meceo,fechamento_issue,3
ryanrhughes,NoaHimesaka1873,fechamento_issue,3
ryanrhughes,mrlarsendk,fechamento_issue,3
dhh,wintermeyer,fechamento_issue,3
ryanrhughes,woopstar,fechamento_issue,3
dhh,patcito,fechamento_issue,3
dhh,koenvaneijk,fechamento_issue,3
dhh,OmarSkalli,fechamento_issue,3
ryanrhughes,nicolaric,fechamento_issue,3
ryanrhughes,axelfontaine,fechamento_issue,3
dhh,gkurts,fechamento_issue,3
ryanrhughes,socket72,fechamento_issue,3
ryanrhughes,Reflux0301,fechamento_issue,3
dhh,Cammisuli,fechamento_issue,3
ryanrhughes,rulonder,fechamento_issue,3
ryanrhughes,lfrostp,fechamento_issue,3
dhh,sgruendel,fechamento_issue,3
ryanrhughes,renatovieiradesouza,fechamento_issue,3
dhh,ryanrhughes,fechamento_issue,3
ryanrhughes,naxels,fechamento_issue,3
dhh,DoKoB0512,fechamento_issue,3
ryanrhughes,wintermeyer,fechamento_issue,3
dhh,ryanrhughes,fechamento_issue,3
dhh,mir4zul,fechamento_issue,3
dhh,ryanrhughes,fechamento_issue,3
dhh,tahayvr,fechamento_issue,3
dhh,coolaj86,fechamento_issue,3
ryanrhughes,coolaj86,fechamento_issue,3
dhh,hjanuschka,fechamento_issue,3
dhh,ahowardm,fechamento_issue,3
dhh,euandeas,fechamento_issue,3
dhh,dhiman1675,fechamento_issue,3
dhh,spdawson,fechamento_issue,3
dhh,gkurts,fechamento_issue,3
dhh,MananDesai54,fechamento_issue,3
dhh,MananDesai54,fechamento_issue,3
ryanrhughes,shawnyeager,fechamento_issue,3
dhh,codewhizz,fechamento_issue,3
dhh,woopstar,fechamento_issue,3
ryanrhughes,peregrinus879,fechamento_issue,3
dhh,5kyguy,fechamento_issue,3
dhh,gustavokurtz,fechamento_issue,3
dhh,eyadsibai,fechamento_issue,3
dhh,manuel1618,fechamento_issue,3
dhh,c4software,fechamento_issue,3
dhh,paul-fornage,fechamento_issue,3
dhh,bjarneo,fechamento_issue,3
ryanrhughes,MananDesai54,fechamento_issue,3
ryanrhughes,ngodn,fechamento_issue,3
dhh,c4software,fechamento_issue,3
dhh,eifr,fechamento_issue,3
dhh,mykiwi,fechamento_issue,3
dhh,mykiwi,fechamento_issue,3
dhh,iccodes,fechamento_issue,3
dhh,james-darko,fechamento_issue,3
dhh,JustinMissmahl,fechamento_issue,3
ryanrhughes,wrex,fechamento_issue,3
dhh,RedsonBr140,fechamento_issue,3
dhh,Somnius,fechamento_issue,3
dhh,reza866,fechamento_issue,3
dhh,TAnomaly,fechamento_issue,3
dhh,tahayvr,fechamento_issue,3
dhh,BraisonCrece,fechamento_issue,3
dhh,ryanrhughes,fechamento_issue,3
dhh,tubaman,fechamento_issue,3
dhh,ryanrhughes,fechamento_issue,3
dhh,LeonardoTrapani,fechamento_issue,3
dhh,alexandru-calinoiu,fechamento_issue,3
dhh,eifr,fechamento_issue,3
dhh,ainslec,fechamento_issue,3
dhh,eifr,fechamento_issue,3
ryanrhughes,abuturabofficial,fechamento_issue,3
dhh,alexperreault,fechamento_issue,3
dhh,JaimeStill,fechamento_issue,3
dhh,tmkn,fechamento_issue,3
dhh,cassiozen,fechamento_issue,3
dhh,Rattlyy,fechamento_issue,3
dhh,Penguin-SAMA,fechamento_issue,3
dhh,matheorism,fechamento_issue,3
dhh,tuladhar,fechamento_issue,3
ryanrhughes,DoppioJP,fechamento_issue,3
dhh,shveeram,fechamento_issue,3
dhh,rikkarth,fechamento_issue,3
dhh,FlameHorizon,fechamento_issue,3
dhh,ryanrhughes,fechamento_issue,3
ryanrhughes,wouterbouvy,fechamento_issue,3
dhh,adschem,fechamento_issue,3
dhh,sguergachi,fechamento_issue,3
dhh,kashifkhan,fechamento_issue,3
dhh,rosscondie,fechamento_issue,3
ryanrhughes,Luquatic,fechamento_issue,3
dhh,W4HO-ham,fechamento_issue,3
dhh,elpritchos,fechamento_issue,3
dhh,zachasme,fechamento_issue,3
dhh,phara0n,fechamento_issue,3
ryanrhughes,denisu14,fechamento_issue,3
dhh,odnmalau,fechamento_issue,3
ryanrhughes,geoffsimp,fechamento_issue,3
ryanrhughes,jfernandez,fechamento_issue,3
dhh,juanchomann,fechamento_issue,3
ryanrhughes,atorrez007,fechamento_issue,3
dhh,SamrudhNelli,fechamento_issue,3
dhh,wkoszek,fechamento_issue,3
dhh,c4software,fechamento_issue,3
dhh,martinmose,fechamento_issue,3
dhh,tonimarmol,fechamento_issue,3
dhh,ryanrhughes,fechamento_issue,3
dhh,ryanrhughes,fechamento_issue,3
dhh,eddiedale,fechamento_issue,3
dhh,kristofer,fechamento_issue,3
dhh,pipetogrep,fechamento_issue,3
dhh,kmos,fechamento_issue,3
dhh,MK-Mike,fechamento_issue,3
dhh,fowlie,fechamento_issue,3
dhh,eifr,fechamento_issue,3
dhh,voody77,fechamento_issue,3
dhh,eifr,fechamento_issue,3
dhh,eifr,fechamento_issue,3
dhh,elpritchos,fechamento_issue,3
dhh,aquaspy,fechamento_issue,3
dhh,nkasco,fechamento_issue,3
dhh,wleme,fechamento_issue,3
dhh,LeoPazEs,fechamento_issue,3
dhh,axelfontaine,fechamento_issue,3
dhh,guilhermetk,fechamento_issue,3
ryanrhughes,wltechblog,fechamento_issue,3
ryanrhughes,randall-vx,fechamento_issue,3
dhh,ATeal,fechamento_issue,3
dhh,nqst,fechamento_issue,3
dhh,arcbjorn,fechamento_issue,3
dhh,MichaelTeeuw,fechamento_issue,3
dhh,HadiRJ-web,fechamento_issue,3
ryanrhughes,jasencarroll,fechamento_issue,3
dhh,mihailo-obradovic,fechamento_issue,3
dhh,aliismayilov,fechamento_issue,3
dhh,c4software,fechamento_issue,3
dhh,fisika1729,fechamento_issue,3
dhh,wrex,fechamento_issue,3
dhh,keyfer,fechamento_issue,3
dhh,D-Pagey,fechamento_issue,3
dhh,D-Pagey,fechamento_issue,3
dhh,jardahrazdera,fechamento_issue,3
ryanrhughes,wolfgangw,fechamento_issue,3
dhh,taylortek91,fechamento_issue,3
dhh,PavelAlennikov,fechamento_issue,3
dhh,andresatierf,fechamento_issue,3
dhh,iamsameerpaudel,fechamento_issue,3
dhh,cluah,fechamento_issue,3
dhh,rez1coder,fechamento_issue,3
ryanrhughes,daanlenaerts,fechamento_issue,3
dhh,mxraw,fechamento_issue,3
dhh,sxl613,fechamento_issue,3
dhh,0xK1K3,fechamento_issue,3
dhh,c4software,fechamento_issue,3
dhh,gkurts,fechamento_issue,3
dhh,zaneschepke,fechamento_issue,3
ryanrhughes,wavic,fechamento_issue,3
dhh,pipetogrep,fechamento_issue,3
dhh,phush0,fechamento_issue,3
dhh,manuelgdlvh,fechamento_issue,3
dhh,mgbaron,fechamento_issue,3
dhh,dz0ny,fechamento_issue,3
dhh,pinionless,fechamento_issue,3
dhh,cluah,fechamento_issue,3
dhh,ColtonIdle,fechamento_issue,3
dhh,rsd,fechamento_issue,3
dhh,paul-fornage,fechamento_issue,3
dhh,paul-fornage,fechamento_issue,3
dhh,guidovicino,fechamento_issue,3
dhh,system4app,fechamento_issue,3
dhh,Esteban-Bermudez,fechamento_issue,3
dhh,jankeesvw,fechamento_issue,3
dhh,dhoppe,fechamento_issue,3
dhh,arafays,fechamento_issue,3
dhh,the-name-romel,fechamento_issue,3
dhh,blazskufca,fechamento_issue,3
dhh,bftanase,fechamento_issue,3
dhh,bftanase,fechamento_issue,3
dhh,gkurts,fechamento_issue,3
dhh,keithhubner,fechamento_issue,3
dhh,SOBANEJAZ,fechamento_issue,3
dhh,hegjon,fechamento_issue,3
dhh,GiraffeCoding,fechamento_issue,3
dhh,martinmose,fechamento_issue,3
dhh,keydmitrij,fechamento_issue,3
dhh,ollymarkey,fechamento_issue,3
dhh,JordanAnthonyKing,fechamento_issue,3
dhh,roberto-aguilar,fechamento_issue,3
dhh,jonwsoto,fechamento_issue,3
dhh,manuel1618,fechamento_issue,3
dhh,fabean,fechamento_issue,3
dhh,fabean,fechamento_issue,3
dhh,ColtonIdle,fechamento_issue,3
dhh,brink-lab,fechamento_issue,3
dhh,putueddy,fechamento_issue,3
dhh,nonetrix,fechamento_issue,3
dhh,nonetrix,fechamento_issue,3
dhh,tijoseymathew,fechamento_issue,3
dhh,CobyPowers,fechamento_issue,3
dhh,roberto-aguilar,fechamento_issue,3
dhh,SamrudhNelli,fechamento_issue,3
dhh,axelfontaine,fechamento_issue,3
ryanrhughes,qasimsk20,fechamento_issue,3
dhh,axelfontaine,fechamento_issue,3
dhh,axelfontaine,fechamento_issue,3
dhh,ainslec,fechamento_issue,3
dhh,axelfontaine,fechamento_issue,3
dhh,axelfontaine,fechamento_issue,3
dhh,axelfontaine,fechamento_issue,3
dhh,brink-lab,fechamento_issue,3
dhh,d4vsanchez,fechamento_issue,3
dhh,geolaw,fechamento_issue,3
dhh,arni1981,fechamento_issue,3
dhh,ncr,fechamento_issue,3
dhh,jheuing,fechamento_issue,3
dhh,roberto-aguilar,fechamento_issue,3
dhh,Krymancer,fechamento_issue,3
dhh,mroboff,fechamento_issue,3
dhh,hyprhex,fechamento_issue,3
dhh,eclecticc,fechamento_issue,3
dhh,Coding4Hours,fechamento_issue,3
dhh,hjanuschka,fechamento_issue,3
dhh,JaberChowdhury,fechamento_issue,3
dhh,nkasco,fechamento_issue,3
dhh,p134c0d3,fechamento_issue,3
dhh,nuelle16,fechamento_issue,3
dhh,ryanrhughes,fechamento_issue,3
dhh,kmf,fechamento_issue,3
dhh,geolaw,fechamento_issue,3
dhh,fazzledev,fechamento_issue,3
dhh,Gazler,fechamento_issue,3
dhh,Atrena,fechamento_issue,3
dhh,omygolly,fechamento_issue,3
dhh,SpaceByBlank,fechamento_issue,3
ryanrhughes,jimd0t,fechamento_issue,3
dhh,marksmithsgit,fechamento_issue,3
dhh,Prajwal-Prathiksh,fechamento_issue,3
dhh,djmiky43,fechamento_issue,3
dhh,nicfit,fechamento_issue,3
dhh,ecvijil,fechamento_issue,3
dhh,abenz1267,fechamento_issue,3
dhh,black-adm,fechamento_issue,3
dhh,chantastic,fechamento_issue,3
dhh,kodnin,fechamento_issue,3
dhh,spdawson,fechamento_issue,3
dhh,inffy,fechamento_issue,3
dhh,kodnin,fechamento_issue,3
dhh,roberto-aguilar,fechamento_issue,3
dhh,rsd,fechamento_issue,3
dhh,jardahrazdera,fechamento_issue,3
dhh,joelgaff,fechamento_issue,3
dhh,ankurkotwal,fechamento_issue,3
dhh,ankurkotwal,fechamento_issue,3
dhh,TomRaaff,fechamento_issue,3
dhh,vyrx-dev,fechamento_issue,3
dhh,vyrx-dev,fechamento_issue,3
dhh,JordanAnthonyKing,fechamento_issue,3
dhh,nqst,fechamento_issue,3
ryanrhughes,Krymancer,fechamento_issue,3
dhh,guruswarupa,fechamento_issue,3
dhh,vyrx-dev,fechamento_issue,3
dhh,fitzzz,fechamento_issue,3
dhh,vyrx-dev,fechamento_issue,3
dhh,rsd,fechamento_issue,3
dhh,davide-ferrara,fechamento_issue,3
dhh,andrewjanssen,fechamento_issue,3
dhh,kromsam,fechamento_issue,3
dhh,ramlev,fechamento_issue,3
dhh,rantnar,fechamento_issue,3
dhh,eclecticc,fechamento_issue,3
dhh,Justikun,fechamento_issue,3
dhh,motaz-shokry,fechamento_issue,3
dhh,DanielApt,fechamento_issue,3
dhh,JordanAnthonyKing,fechamento_issue,3
dhh,c4software,fechamento_issue,3
dhh,melonamin,fechamento_issue,3
dhh,davide-ferrara,fechamento_issue,3
dhh,rickdotnet,fechamento_issue,3
dhh,gasper008,fechamento_issue,3
dhh,arcbjorn,fechamento_issue,3
dhh,jjeffrin,fechamento_issue,3
dhh,hjanuschka,fechamento_issue,3
ryanrhughes,phucisstupid,fechamento_issue,3
dhh,alexperreault,fechamento_issue,3
dhh,kromsam,fechamento_issue,3
dhh,SardonicSystems,fechamento_issue,3
dhh,cossssmin,fechamento_issue,3
dhh,kromsam,fechamento_issue,3
dhh,sgruendel,fechamento_issue,3
dhh,gjoedvad,fechamento_issue,3
dhh,naxels,fechamento_issue,3
dhh,pipetogrep,fechamento_issue,3
dhh,tillebacon,fechamento_issue,3
dhh,ahmedalhulaibi,fechamento_issue,3
dhh,mouseoi9,fechamento_issue,3
dhh,NLedge,fechamento_issue,3
dhh,jfernandez,fechamento_issue,3
dhh,noxidsoft,fechamento_issue,3
dhh,noxidsoft,fechamento_issue,3
dhh,zaborowskimichal,fechamento_issue,3
dhh,fpigeonjr,fechamento_issue,3
dhh,Sicherheit007,fechamento_issue,3
dhh,jondkinney,fechamento_issue,3
dhh,cakePhone,fechamento_issue,3
dhh,emourad,fechamento_issue,3
dhh,emourad,fechamento_issue,3
dhh,emourad,fechamento_issue,3
dhh,emourad,fechamento_issue,3
dhh,rsd,fechamento_issue,3
dhh,roberto-aguilar,fechamento_issue,3
dhh,Danmoreng,fechamento_issue,3
dhh,blakeshall,fechamento_issue,3
dhh,blakeshall,fechamento_issue,3
dhh,iislamgom3a,fechamento_issue,3
dhh,0xK1K3,fechamento_issue,3
dhh,nkasco,fechamento_issue,3
dhh,bastnic,fechamento_issue,3
dhh,kromsam,fechamento_issue,3
dhh,nemuiyarou,fechamento_issue,3
dhh,oppegard,fechamento_issue,3
dhh,m5lk3n,fechamento_issue,3
dhh,ColtonIdle,fechamento_issue,3
dhh,g-hartmann-kanguro,fechamento_issue,3
dhh,agxb001,fechamento_issue,3
dhh,cstrickjacke,fechamento_issue,3
dhh,ljbuza,fechamento_issue,3
dhh,rez1coder,fechamento_issue,3
dhh,ichts,fechamento_issue,3
dhh,hyprhex,fechamento_issue,3
dhh,KalisterOS,fechamento_issue,3
dhh,rodrigotoledo,fechamento_issue,3
ryanrhughes,hyprhex,fechamento_issue,3
dhh,andrewjanssen,fechamento_issue,3
dhh,kromsam,fechamento_issue,3
dhh,afoster,fechamento_issue,3
dhh,Ptark,fechamento_issue,3
ryanrhughes,michielryvers,fechamento_issue,3
dhh,jamerrq,fechamento_issue,3
dhh,golgor,fechamento_issue,3
dhh,apurbapokharel,fechamento_issue,3
dhh,mrjoedang,fechamento_issue,3
dhh,ironicbadger,fechamento_issue,3
dhh,thehale,fechamento_issue,3
ryanrhughes,nkasco,fechamento_issue,3
dhh,rajayonin,fechamento_issue,3
dhh,h14h,fechamento_issue,3
dhh,c4software,fechamento_issue,3
dhh,adamavenir,fechamento_issue,3
dhh,szcharlesji,fechamento_issue,3
dhh,Humam-Hamdan,fechamento_issue,3
dhh,cluah,fechamento_issue,3
dhh,hjanuschka,fechamento_issue,3
dhh,sgruendel,fechamento_issue,3
dhh,BarnardCollier,fechamento_issue,3
dhh,Davilonchi,fechamento_issue,3
dhh,zaneschepke,fechamento_issue,3
dhh,shubham-mamodiya,fechamento_issue,3
dhh,kylebragger,fechamento_issue,3
dhh,Gazler,fechamento_issue,3
dhh,Gazler,fechamento_issue,3
dhh,vlofgren,fechamento_issue,3
dhh,muhlinux,fechamento_issue,3
dhh,tahayvr,fechamento_issue,3
dhh,ColtonIdle,fechamento_issue,3
dhh,kromsam,fechamento_issue,3
dhh,pipetogrep,fechamento_issue,3
dhh,neurotroph,fechamento_issue,3
dhh,vlofgren,fechamento_issue,3
dhh,ryanrhughes,fechamento_issue,3
dhh,jonbloor,fechamento_issue,3
dhh,tahayvr,fechamento_issue,3
dhh,hipsterusername,fechamento_issue,3
dhh,meerzulee,fechamento_issue,3
dhh,WToa,fechamento_issue,3
dhh,iccodes,fechamento_issue,3
dhh,arcbjorn,fechamento_issue,3
dhh,marcinczenko,fechamento_issue,3
dhh,iccodes,fechamento_issue,3
dhh,ProPatte,fechamento_issue,3
dhh,AdiY00,fechamento_issue,3
dhh,joshleblanc,fechamento_issue,3
dhh,joshleblanc,fechamento_issue,3
dhh,ilyasovd,fechamento_issue,3
dhh,jopesh,fechamento_issue,3
dhh,Beanyy,fechamento_issue,3
dhh,ramtinJ95,fechamento_issue,3
dhh,eclecticc,fechamento_issue,3
dhh,NikoFresh,fechamento_issue,3
dhh,manofcolombia,fechamento_issue,3
dhh,manofcolombia,fechamento_issue,3
dhh,Serster,fechamento_issue,3
dhh,bzierk,fechamento_issue,3
dhh,nkasco,fechamento_issue,3
dhh,ryanrhughes,fechamento_issue,3
dhh,dwaynebradley,fechamento_issue,3
dhh,benWindsorCode,fechamento_issue,3
dhh,pipetogrep,fechamento_issue,3
dhh,pmercatoris,fechamento_issue,3
dhh,TheFocusDevHUN,fechamento_issue,3
dhh,shawnyeager,fechamento_issue,3
dhh,nbw,fechamento_issue,3
dhh,lakwey,fechamento_issue,3
dhh,Kasui92,fechamento_issue,3
dhh,Mr-Sunglasses,fechamento_issue,3
dhh,Mr-Sunglasses,fechamento_issue,3
dhh,ColtonIdle,fechamento_issue,3
dhh,hyprhex,fechamento_issue,3
ryanrhughes,acrogenesis,fechamento_issue,3
dhh,jardahrazdera,fechamento_issue,3
dhh,jardahrazdera,fechamento_issue,3
dhh,tom-jagus,fechamento_issue,3
dhh,crbelaus,fechamento_issue,3
dhh,jardahrazdera,fechamento_issue,3
dhh,remshams,fechamento_issue,3
dhh,Pintjebier,fechamento_issue,3
dhh,remshams,fechamento_issue,3
dhh,mattlanham,fechamento_issue,3
dhh,ashutoshbw,fechamento_issue,3
dhh,andnig,fechamento_issue,3
dhh,jamerrq,fechamento_issue,3
dhh,Quirinus,fechamento_issue,3
dhh,vlofgren,fechamento_issue,3
dhh,rmacklin,fechamento_issue,3
dhh,manuel1618,fechamento_issue,3
dhh,manuel1618,fechamento_issue,3
dhh,Sameer292,fechamento_issue,3
dhh,Sameer292,fechamento_issue,3
dhh,rez1coder,fechamento_issue,3
dhh,guilhermetk,fechamento_issue,3
dhh,jardahrazdera,fechamento_issue,3
dhh,tahayvr,fechamento_issue,3
dhh,acrogenesis,fechamento_issue,3
dhh,kaankeskin,fechamento_issue,3
dhh,shawnyeager,fechamento_issue,3
dhh,matiacone,fechamento_issue,3
dhh,abenz1267,fechamento_issue,3
dhh,jasonish,fechamento_issue,3
dhh,taylorminton,fechamento_issue,3
dhh,eamonburns,fechamento_issue,3
dhh,ryanrhughes,fechamento_issue,3
ryanrhughes,themodev,fechamento_issue,3
dhh,tahayvr,fechamento_issue,3
dhh,rez1coder,fechamento_issue,3
ryanrhughes,bvdwalt,fechamento_issue,3
dhh,adamritter,fechamento_issue,3
dhh,GyHUN95,fechamento_issue,3
dhh,ludo237,fechamento_issue,3
dhh,chriopter,fechamento_issue,3
dhh,lentra0,fechamento_issue,3
dhh,boydbloemsma,fechamento_issue,3
dhh,nikkos,fechamento_issue,3
dhh,taylorminton,fechamento_issue,3
dhh,bitclaw,fechamento_issue,3
dhh,valbertoenoc,fechamento_issue,3
dhh,lentra0,fechamento_issue,3
dhh,AdiY00,fechamento_issue,3
dhh,lentra0,fechamento_issue,3
dhh,somerocketeer,fechamento_issue,3
dhh,vaibhav-mattoo,fechamento_issue,3
dhh,w84death,fechamento_issue,3
dhh,chriopter,fechamento_issue,3
dhh,qdev0,fechamento_issue,3
dhh,qdev0,fechamento_issue,3
dhh,gigq,fechamento_issue,3
dhh,med502,fechamento_issue,3
ryanrhughes,GiraffeCoding,fechamento_issue,3
dhh,woopstar,fechamento_issue,3
dhh,Ashur-D,fechamento_issue,3
dhh,637ms,fechamento_issue,3
dhh,kromsam,fechamento_issue,3
dhh,mazdak,fechamento_issue,3
dhh,dylanbr,fechamento_issue,3
dhh,Nico-Mayer,fechamento_issue,3
dhh,shawnyeager,fechamento_issue,3
dhh,dylanbr,fechamento_issue,3
dhh,chriopter,fechamento_issue,3
dhh,chriopter,fechamento_issue,3
dhh,ariejan,fechamento_issue,3
dhh,chriopter,fechamento_issue,3
dhh,donovan-duplessis,fechamento_issue,3
dhh,pilgren,fechamento_issue,3
dhh,sudohades,fechamento_issue,3
dhh,lentra0,fechamento_issue,3
dhh,lentra0,fechamento_issue,3
dhh,nikkos,fechamento_issue,3
dhh,lentra0,fechamento_issue,3
dhh,mazdak,fechamento_issue,3
dhh,v-oleg,fechamento_issue,3
dhh,dylanbr,fechamento_issue,3
dhh,zaborowskimichal,fechamento_issue,3
dhh,0xK1K3,fechamento_issue,3
dhh,JamesShelley,fechamento_issue,3
dhh,flegoff,fechamento_issue,3
dhh,saeedvaziry,fechamento_issue,3
dhh,jroes,fechamento_issue,3
dhh,ginohey,fechamento_issue,3
dhh,JamesShelley,fechamento_issue,3
dhh,c4software,fechamento_issue,3
ryanrhughes,Rnedlose,fechamento_issue,3
dhh,sspaeti,fechamento_issue,3
dhh,jonnyace,fechamento_issue,3
dhh,jamesmcm,fechamento_issue,3
dhh,michaldziurowski,fechamento_issue,3
ryanrhughes,OerdBej,fechamento_issue,3
dhh,f6198874,fechamento_issue,3
dhh,zaborowskimichal,fechamento_issue,3
ryanrhughes,f6198874,fechamento_issue,3
ryanrhughes,f6198874,fechamento_issue,3
dhh,f6198874,fechamento_issue,3
dhh,f6198874,fechamento_issue,3
dhh,swombat,fechamento_issue,3
dhh,tsolak9,fechamento_issue,3
dhh,minatsilvester,fechamento_issue,3
dhh,Gazler,fechamento_issue,3
dhh,MikeVeerman,fechamento_issue,3
ryanrhughes,drbraden,fechamento_issue,3
dhh,guilhermetk,fechamento_issue,3
dhh,valbertoenoc,fechamento_issue,3
dhh,logannc,fechamento_issue,3
ryanrhughes,nilszeilon,fechamento_issue,3
dhh,iamobservable,fechamento_issue,3
dhh,Rnedlose,fechamento_issue,3
dhh,0xK1K3,fechamento_issue,3
dhh,ankurkotwal,fechamento_issue,3
dhh,c4software,fechamento_issue,3
dhh,sailoz,fechamento_issue,3
dhh,sailoz,fechamento_issue,3
dhh,c4software,fechamento_issue,3
dhh,Chris24680,fechamento_issue,3
dhh,sailoz,fechamento_issue,3
dhh,kataqatsi,fechamento_issue,3
dhh,ttmachado,fechamento_issue,3
ryanrhughes,melonamin,fechamento_issue,3
dhh,rajayonin,fechamento_issue,3
ryanrhughes,StarrWulfe,fechamento_issue,3
dhh,jardahrazdera,fechamento_issue,3
dhh,v22-dot,fechamento_issue,3
dhh,ImToon,fechamento_issue,3
dhh,knappkevin,fechamento_issue,3
dhh,lestex,fechamento_issue,3
dhh,goslynn,fechamento_issue,3
dhh,halilozercan,fechamento_issue,3
ryanrhughes,ChristerNilsson,fechamento_issue,3
dhh,ChristerNilsson,fechamento_issue,3
dhh,ChristerNilsson,fechamento_issue,3
dhh,ChristerNilsson,fechamento_issue,3
dhh,ChristerNilsson,fechamento_issue,3
dhh,ChristerNilsson,fechamento_issue,3
dhh,ChristerNilsson,fechamento_issue,3
dhh,ChristerNilsson,fechamento_issue,3
dhh,ashutoshbw,fechamento_issue,3
dhh,vlofgren,fechamento_issue,3
dhh,jardahrazdera,fechamento_issue,3
dhh,lsc,fechamento_issue,3
dhh,alexx-avdeev,fechamento_issue,3
dhh,djschnei21,fechamento_issue,3
dhh,mah3uz,fechamento_issue,3
dhh,kevinmcconnell,fechamento_issue,3
dhh,anshul12ra,fechamento_issue,3
dhh,pikdum,fechamento_issue,3
dhh,vaibhav-mattoo,fechamento_issue,3
dhh,sailoz,fechamento_issue,3
dhh,ColtonIdle,fechamento_issue,3
dhh,ColtonIdle,fechamento_issue,3
dhh,iandol,fechamento_issue,3
dhh,mitchdenny,fechamento_issue,3
dhh,OmarSkalli,fechamento_issue,3
dhh,code-sketcher,fechamento_issue,3
dhh,soubky0,fechamento_issue,3
ryanrhughes,Rnedlose,fechamento_issue,3
dhh,luigig44,fechamento_issue,3
dhh,luigig44,fechamento_issue,3
dhh,dylanbr,fechamento_issue,3
dhh,thrillho93,fechamento_issue,3
dhh,Doc-4,fechamento_issue,3
dhh,darcy,fechamento_issue,3
dhh,trly,fechamento_issue,3
dhh,RolfKoenders,fechamento_issue,3
dhh,dylanbr,fechamento_issue,3
dhh,elijahimmer,fechamento_issue,3
dhh,manuel1618,fechamento_issue,3
dhh,Luquatic,fechamento_issue,3
dhh,codewhizz,fechamento_issue,3
dhh,clauzf,fechamento_issue,3
dhh,ColtonIdle,fechamento_issue,3
ryanrhughes,hipsterusername,fechamento_issue,3
dhh,thomu5000,fechamento_issue,3
dhh,bragmore,fechamento_issue,3
dhh,carabistouflette,fechamento_issue,3
dhh,RaphaelKimmig,fechamento_issue,3
dhh,v3rtx,fechamento_issue,3
dhh,RaphaelKimmig,fechamento_issue,3
dhh,clauzf,fechamento_issue,3
dhh,RaphaelKimmig,fechamento_issue,3
dhh,gthelding,fechamento_issue,3
dhh,domingo2000,fechamento_issue,3
dhh,hipsterusername,fechamento_issue,3
dhh,jamesmcm,fechamento_issue,3
dhh,blazskufca,fechamento_issue,3
dhh,AzlanEh,fechamento_issue,3
dhh,OmarSkalli,fechamento_issue,3
dhh,jardahrazdera,fechamento_issue,3
dhh,RexsyBima,fechamento_issue,3
dhh,peregrinus879,fechamento_issue,3
dhh,aelhady03,fechamento_issue,3
dhh,RodriMora,fechamento_issue,3
dhh,RodriMora,fechamento_issue,3
dhh,bcye,fechamento_issue,3
dhh,jardahrazdera,fechamento_issue,3
dhh,sailoz,fechamento_issue,3
dhh,bigint,fechamento_issue,3
dhh,PranavKumar9529desai,fechamento_issue,3
dhh,samgurung,fechamento_issue,3
dhh,maxguzenski,fechamento_issue,3
dhh,carabistouflette,fechamento_issue,3
dhh,c0mpile,fechamento_issue,3
dhh,mabq,fechamento_issue,3
dhh,tobiasz-p,fechamento_issue,3
dhh,tobiasz-p,fechamento_issue,3
dhh,danfascia,fechamento_issue,3
dhh,anime-in-the-world,fechamento_issue,3
dhh,melonamin,fechamento_issue,3
dhh,prathamngundikere,fechamento_issue,3
dhh,Veltair-D,fechamento_issue,3
dhh,r3ap3r2004,fechamento_issue,3
dhh,dylanbr,fechamento_issue,3
dhh,spdawson,fechamento_issue,3
dhh,inffy,fechamento_issue,3
dhh,Swarnim114,fechamento_issue,3
dhh,med502,fechamento_issue,3
dhh,dylanbr,fechamento_issue,3
dhh,EhsanulHaqueSiam,fechamento_issue,3
dhh,sailoz,fechamento_issue,3
dhh,robzolkos,fechamento_issue,3
dhh,tahayvr,fechamento_issue,3
dhh,Swarnim114,fechamento_issue,3
ryanrhughes,snek,fechamento_issue,3
dhh,not-NEK0,fechamento_issue,3
ryanrhughes,iagocc,fechamento_issue,3
dhh,ryanrhughes,fechamento_issue,3
dhh,nik-securemeasure,fechamento_issue,3
dhh,maxguzenski,fechamento_issue,3
dhh,manuel1618,fechamento_issue,3
dhh,dvalnn,fechamento_issue,3
dhh,dylanbr,fechamento_issue,3
dhh,tobiasz-p,fechamento_issue,3
dhh,not-NEK0,fechamento_issue,3
dhh,robzolkos,fechamento_issue,3
dhh,samuelpecher,fechamento_issue,3
dhh,rosscondie,fechamento_issue,3
dhh,johanneserhardt,fechamento_issue,3
dhh,fhammerschmidt,fechamento_issue,3
dhh,milolethbridge,fechamento_issue,3
dhh,alansikora,fechamento_issue,3
dhh,anshul12ra,fechamento_issue,3
dhh,zaborowskimichal,fechamento_issue,3
dhh,alansikora,fechamento_issue,3
dhh,rmacklin,fechamento_issue,3
dhh,timmo001,fechamento_issue,3
dhh,meerzulee,fechamento_issue,3
dhh,meerzulee,fechamento_issue,3
dhh,alexperreault,fechamento_issue,3
dhh,anshul12ra,fechamento_issue,3
dhh,med502,fechamento_issue,3
dhh,eugenialoli,fechamento_issue,3
ryanrhughes,Awais-Sajid-119,fechamento_issue,3
dhh,taq,fechamento_issue,3
dhh,reshadman,fechamento_issue,3
dhh,rigo3t,fechamento_issue,3
dhh,ryanrhughes,fechamento_issue,3
dhh,rafaelbernard,fechamento_issue,3
dhh,bjarneo,fechamento_issue,3
dhh,jmutawa,fechamento_issue,3
dhh,ryanrhughes,fechamento_issue,3
dhh,RaphaelKimmig,fechamento_issue,3
dhh,SDCVO,fechamento_issue,3
dhh,ttmachado,fechamento_issue,3
dhh,ryanrhughes,fechamento_issue,3
dhh,martinmose,fechamento_issue,3
dhh,ryanrhughes,fechamento_issue,3
dhh,logannc,fechamento_issue,3
dhh,BrouZie,fechamento_issue,3
ryanrhughes,jzetterman,fechamento_issue,3
dhh,c4software,fechamento_issue,3
dhh,daltonbr,fechamento_issue,3
dhh,AdiY00,fechamento_issue,3
dhh,c4software,fechamento_issue,3
dhh,muinmomin,fechamento_issue,3
dhh,Veltair-D,fechamento_issue,3
dhh,ryanrhughes,fechamento_issue,3
dhh,c4software,fechamento_issue,3
ryanrhughes,groupsvkg,fechamento_issue,3
dhh,devmobasa,fechamento_issue,3
dhh,Veltair-D,fechamento_issue,3
dhh,ghost,fechamento_issue,3
dhh,PhaedrusFlow,fechamento_issue,3
dhh,ih8d8,fechamento_issue,3
dhh,sailoz,fechamento_issue,3
dhh,tubaman,fechamento_issue,3
ryanrhughes,sailoz,fechamento_issue,3
dhh,ryanrhughes,fechamento_issue,3
dhh,haroldg3,fechamento_issue,3
dhh,ryanrhughes,fechamento_issue,3
dhh,sattary,fechamento_issue,3
dhh,abdellahrk,fechamento_issue,3
dhh,fhammerschmidt,fechamento_issue,3
dhh,ghost,fechamento_issue,3
dhh,Macho0x,fechamento_issue,3
dhh,florianbeer,fechamento_issue,3
dhh,manuel1618,fechamento_issue,3
dhh,maxguzenski,fechamento_issue,3
dhh,Justikun,fechamento_issue,3
dhh,olavlinddam,fechamento_issue,3
dhh,githubpoet,fechamento_issue,3
dhh,ericrswanny,fechamento_issue,3
dhh,sunbyte,fechamento_issue,3
ryanrhughes,ltehacker,fechamento_issue,3
dhh,JavierBertolino,fechamento_issue,3
dhh,JavierBertolino,fechamento_issue,3
dhh,parolkar,fechamento_issue,3
dhh,capatina,fechamento_issue,3
dhh,sailoz,fechamento_issue,3
dhh,richvote,fechamento_issue,3
dhh,alansikora,fechamento_issue,3
dhh,maxguzenski,fechamento_issue,3
dhh,ncrmro,fechamento_issue,3
dhh,robzolkos,fechamento_issue,3
dhh,sailoz,fechamento_issue,3
dhh,sailoz,fechamento_issue,3
dhh,RaphaelKimmig,fechamento_issue,3
dhh,sailoz,fechamento_issue,3
dhh,catlee,fechamento_issue,3
dhh,med502,fechamento_issue,3
dhh,shubham-mamodiya,fechamento_issue,3
dhh,LeonardoTrapani,fechamento_issue,3
dhh,cornle,fechamento_issue,3
dhh,leonhazen,fechamento_issue,3
dhh,bagguettiesonmywrist,fechamento_issue,3
dhh,curtisspendlove,fechamento_issue,3
dhh,curtisspendlove,fechamento_issue,3
dhh,jardahrazdera,fechamento_issue,3
dhh,Swarnim114,fechamento_issue,3
dhh,ColtonIdle,fechamento_issue,3
dhh,ColtonIdle,fechamento_issue,3
dhh,LeonardoTrapani,fechamento_issue,3
dhh,riegojerey,fechamento_issue,3
dhh,neilsmith,fechamento_issue,3
dhh,JJDizz1L,fechamento_issue,3
ryanrhughes,PranavKumar9529desai,fechamento_issue,3
dhh,gyllen,fechamento_issue,3
dhh,jardahrazdera,fechamento_issue,3
dhh,havard-vold,fechamento_issue,3
dhh,manuel1618,fechamento_issue,3
dhh,c4software,fechamento_issue,3
dhh,bragmore,fechamento_issue,3
dhh,pastr,fechamento_issue,3
dhh,oppegard,fechamento_issue,3
dhh,pushcx,fechamento_issue,3
dhh,Jabuk,fechamento_issue,3
dhh,Justikun,fechamento_issue,3
dhh,ludo237,fechamento_issue,3
dhh,rafaelbernard,fechamento_issue,3
dhh,ethanolivertroy,fechamento_issue,3
dhh,shayne,fechamento_issue,3
dhh,xadcv,fechamento_issue,3
dhh,SatoriSec,fechamento_issue,3
dhh,JaxonWright,fechamento_issue,3
dhh,pelephant2,fechamento_issue,3
dhh,weierfischen,fechamento_issue,3
dhh,k3rn31,fechamento_issue,3
dhh,mmsbrggr,fechamento_issue,3
dhh,DavidHoenisch,fechamento_issue,3
dhh,JaxonWright,fechamento_issue,3
dhh,GiovanniSchiavo,fechamento_issue,3
dhh,folone,fechamento_issue,3
dhh,tuladhar,fechamento_issue,3
dhh,AdiY00,fechamento_issue,3
dhh,lordhgk,fechamento_issue,3
ryanrhughes,elvinaspredkelis,fechamento_issue,3
dhh,Luxian,fechamento_issue,3
dhh,ryanrhughes,fechamento_issue,3
ryanrhughes,precision,fechamento_issue,3
dhh,jkthorne,fechamento_issue,3
dhh,ryanrhughes,fechamento_issue,3
dhh,ArchGalileu,fechamento_issue,3
dhh,ryanrhughes,fechamento_issue,3
dhh,tahayvr,fechamento_issue,3
dhh,LeonardoTrapani,fechamento_issue,3
dhh,rmacklin,fechamento_issue,3
dhh,LeonardoTrapani,fechamento_issue,3
dhh,SuspendTV,fechamento_issue,3
dhh,erik-brueggemann,fechamento_issue,3
dhh,sailoz,fechamento_issue,3
dhh,rosscondie,fechamento_issue,3
dhh,ColtonIdle,fechamento_issue,3
dhh,riegojerey,fechamento_issue,3
dhh,precision,fechamento_issue,3
ryanrhughes,endrebak,fechamento_issue,3
dhh,danielnolan,fechamento_issue,3
dhh,danielnolan,fechamento_issue,3
dhh,ryanrhughes,fechamento_issue,3
dhh,gthelding,fechamento_issue,3
dhh,ryanrhughes,fechamento_issue,3
dhh,JaxonWright,fechamento_issue,3
dhh,ryanrhughes,fechamento_issue,3
dhh,brink-lab,fechamento_issue,3
dhh,Jairisen,fechamento_issue,3
dhh,l0gicgate,fechamento_issue,3
dhh,Mohamedsayhii,fechamento_issue,3
dhh,njkevlani,fechamento_issue,3
dhh,cannikin,fechamento_issue,3
dhh,LeonardoTrapani,fechamento_issue,3
dhh,RaphaelKimmig,fechamento_issue,3
dhh,ColtonIdle,fechamento_issue,3
dhh,chris-mulvi-data,fechamento_issue,3
dhh,curtisspendlove,fechamento_issue,3
dhh,ardavis,fechamento_issue,3
dhh,marlonmarcello,fechamento_issue,3
dhh,sailoz,fechamento_issue,3
ryanrhughes,ituri,fechamento_issue,3
dhh,toni-ds,fechamento_issue,3
ryanrhughes,RaphaelKimmig,fechamento_issue,3
dhh,sspaeti,fechamento_issue,3
dhh,med502,fechamento_issue,3
ryanrhughes,ituri,fechamento_issue,3
dhh,ardavis,fechamento_issue,3
dhh,githubpoet,fechamento_issue,3
dhh,madcatone,fechamento_issue,3
ryanrhughes,Merovex,fechamento_issue,3
dhh,tahayvr,fechamento_issue,3
dhh,ardavis,fechamento_issue,3
dhh,wesleycole,fechamento_issue,3
dhh,hyprhex,fechamento_issue,3
dhh,Mohamedsayhii,fechamento_issue,3
dhh,marcinczenko,fechamento_issue,3
dhh,sailoz,fechamento_issue,3
dhh,emourad,fechamento_issue,3
dhh,ryanrhughes,fechamento_issue,3
dhh,gal064,fechamento_issue,3
dhh,ludo237,fechamento_issue,3
dhh,Gazler,fechamento_issue,3
dhh,xulfm,fechamento_issue,3
dhh,Gazler,fechamento_issue,3
dhh,tahayvr,fechamento_issue,3
dhh,gthelding,fechamento_issue,3
dhh,tahayvr,fechamento_issue,3
dhh,sailoz,fechamento_issue,3
dhh,sobran,fechamento_issue,3
dhh,c4software,fechamento_issue,3
dhh,ardavis,fechamento_issue,3
dhh,Serendeep,fechamento_issue,3
dhh,marcinczenko,fechamento_issue,3
dhh,SatoriSec,fechamento_issue,3
dhh,zaneschepke,fechamento_issue,3
dhh,ardavis,fechamento_issue,3
dhh,seanmitchell,fechamento_issue,3
dhh,SYKwong,fechamento_issue,3
dhh,aifrim,fechamento_issue,3
dhh,saullrb,fechamento_issue,3
dhh,ryanrhughes,fechamento_issue,3
dhh,seanmitchell,fechamento_issue,3
dhh,JaxonWright,fechamento_issue,3
dhh,saullrb,fechamento_issue,3
dhh,rossvz,fechamento_issue,3
dhh,rmacklin,fechamento_issue,3
ryanrhughes,MrTrigger,fechamento_issue,3
dhh,Xarianne,fechamento_issue,3
dhh,jzetterman,fechamento_issue,3
dhh,JaxonWright,fechamento_issue,3
dhh,7acini,fechamento_issue,3
dhh,ryanrhughes,fechamento_issue,3
dhh,ryanrhughes,fechamento_issue,3
dhh,tahayvr,fechamento_issue,3
dhh,tahayvr,fechamento_issue,3
dhh,danfascia,fechamento_issue,3
dhh,ryanrhughes,fechamento_issue,3
dhh,edanidzerda,fechamento_issue,3
dhh,michaldziurowski,fechamento_issue,3
dhh,aifrim,fechamento_issue,3
dhh,anagrius,fechamento_issue,3
dhh,rthabett,fechamento_issue,3
dhh,ssimk0,fechamento_issue,3
dhh,tahayvr,fechamento_issue,3
dhh,JaxonWright,fechamento_issue,3
dhh,apdingman,fechamento_issue,3
dhh,ryanyogan,fechamento_issue,3
dhh,jirpok,fechamento_issue,3
dhh,benhoman,fechamento_issue,3
dhh,saullrb,fechamento_issue,3
dhh,al3rez,fechamento_issue,3
dhh,al3rez,fechamento_issue,3
dhh,zaneschepke,fechamento_issue,3
dhh,galihwicaksono90,fechamento_issue,3
dhh,ryanyogan,fechamento_issue,3
dhh,JaxonWright,fechamento_issue,3
dhh,hyprhex,fechamento_issue,3
dhh,ItIsCiprian,fechamento_issue,3
dhh,ItIsCiprian,fechamento_issue,3
dhh,ludo237,fechamento_issue,3
dhh,ludo237,fechamento_issue,3
dhh,spdawson,fechamento_issue,3
dhh,mtk3d,fechamento_issue,3
dhh,spdawson,fechamento_issue,3
dhh,aifrim,fechamento_issue,3
dhh,abenz1267,fechamento_issue,3
dhh,precision,fechamento_issue,3
dhh,bastos,fechamento_issue,3
dhh,aifrim,fechamento_issue,3
dhh,saullrb,fechamento_issue,3
dhh,mitsuhiko,fechamento_issue,3
dhh,blazskufca,fechamento_issue,3
dhh,mitsuhiko,fechamento_issue,3
dhh,andnig,fechamento_issue,3
dhh,al3rez,fechamento_issue,3
dhh,ryanrhughes,fechamento_issue,3
dhh,mtk3d,fechamento_issue,3
dhh,saullrb,fechamento_issue,3
dhh,lypanov,fechamento_issue,3
dhh,alexx-avdeev,fechamento_issue,3
dhh,zxrovx,fechamento_issue,3
dhh,tahayvr,fechamento_issue,3
ryanrhughes,DustinEwers,fechamento_issue,3
dhh,ryanrhughes,fechamento_issue,3
dhh,tomaslucas,fechamento_issue,3
dhh,saullrb,fechamento_issue,3
dhh,adaryorg,fechamento_issue,3
dhh,ElFitaFlores,fechamento_issue,3
dhh,adaryorg,fechamento_issue,3
dhh,drewhamlett,fechamento_issue,3
dhh,brielov,fechamento_issue,3
dhh,danfascia,fechamento_issue,3
dhh,riegojerey,fechamento_issue,3
dhh,pelephant2,fechamento_issue,3
dhh,npenza,fechamento_issue,3
dhh,BANG88,fechamento_issue,3
dhh,thakur-abhijeet,fechamento_issue,3
dhh,sjug,fechamento_issue,3
dhh,jonashan,fechamento_issue,3
dhh,ryanyogan,fechamento_issue,3
dhh,leouofa,fechamento_issue,3
dhh,pelephant2,fechamento_issue,3
dhh,mjossany,fechamento_issue,3
dhh,maxguzenski,fechamento_issue,3
dhh,jkthorne,fechamento_issue,3
dhh,pelephant2,fechamento_issue,3
dhh,alansikora,fechamento_issue,3
dhh,ryanrhughes,fechamento_issue,3
dhh,rockorager,fechamento_issue,3
dhh,jhosdev,fechamento_issue,3
dhh,Serendeep,fechamento_issue,3
dhh,ghost,fechamento_issue,3
dhh,ghost,fechamento_issue,3
dhh,ryanrhughes,fechamento_issue,3
dhh,jeremytregunna,fechamento_issue,3
dhh,anagrius,fechamento_issue,3
dhh,rmacklin,fechamento_issue,3
dhh,rmacklin,fechamento_issue,3
dhh,ryanrhughes,fechamento_issue,3
dhh,rmacklin,fechamento_issue,3
dhh,rmacklin,fechamento_issue,3
ryanrhughes,danfascia,fechamento_issue,3
dhh,al3rez,fechamento_issue,3
dhh,ryanyogan,fechamento_issue,3
dhh,tahayvr,fechamento_issue,3
dhh,t0gun,fechamento_issue,3
dhh,Shaps,fechamento_issue,3
dhh,al3rez,fechamento_issue,3
dhh,t0gun,fechamento_issue,3
dhh,melonamin,fechamento_issue,3
dhh,ColtonIdle,fechamento_issue,3
dhh,danfascia,fechamento_issue,3
dhh,anagrius,fechamento_issue,3
dhh,mrtnin,fechamento_issue,3
dhh,jirpok,fechamento_issue,3
dhh,HalanoSiblee,fechamento_issue,3
dhh,Zooce,fechamento_issue,3
dhh,abenz1267,fechamento_issue,3
dhh,reorr,fechamento_issue,3
dhh,abenz1267,fechamento_issue,3
dhh,anagrius,fechamento_issue,3
dhh,abradburne,fechamento_issue,3
dhh,rockorager,fechamento_issue,3
dhh,abradburne,fechamento_issue,3
dhh,deanpcmad,fechamento_issue,3
dhh,icehunt,fechamento_issue,3
dhh,riegojerey,fechamento_issue,3
dhh,nullndr,fechamento_issue,3
dhh,Awais-Sajid-119,fechamento_issue,3
dhh,cannikin,fechamento_issue,3
dhh,ahmetkca,fechamento_issue,3
dhh,tahayvr,fechamento_issue,3
dhh,ryanrhughes,fechamento_issue,3
dhh,hsyed,fechamento_issue,3
dhh,startupfoundry,fechamento_issue,3
dhh,ryanrhughes,fechamento_issue,3
dhh,ryanrhughes,fechamento_issue,3
dhh,kieeps,fechamento_issue,3
dhh,DrInfinite,fechamento_issue,3
dhh,npenza,fechamento_issue,3
dhh,apiguy,fechamento_issue,3
dhh,apiguy,fechamento_issue,3
dhh,npenza,fechamento_issue,3
dhh,ryanrhughes,fechamento_issue,3
dhh,mabq,fechamento_issue,3
dhh,ryanrhughes,fechamento_issue,3
dhh,deas,fechamento_issue,3
dhh,tanshkoul,fechamento_issue,3
dhh,ryanrhughes,fechamento_issue,3
dhh,ryanrhughes,fechamento_issue,3
dhh,shubham-mamodiya,fechamento_issue,3
dhh,genebean,fechamento_issue,3
dhh,BigMitchGit,fechamento_issue,3
dhh,nullndr,fechamento_issue,3
dhh,leonhazen,fechamento_issue,3
dhh,maxguzenski,fechamento_issue,3
dhh,ghost,fechamento_issue,3
dhh,rockorager,fechamento_issue,3
dhh,Mane-Pal,fechamento_issue,3
dhh,weierfischen,fechamento_issue,3
dhh,DrInfinite,fechamento_issue,3
dhh,leonhazen,fechamento_issue,3
dhh,ghost,fechamento_issue,3
dhh,npenza,fechamento_issue,3
dhh,thakur-abhijeet,fechamento_issue,3
dhh,ghost,fechamento_issue,3
dhh,ghost,fechamento_issue,3
dhh,ryanrhughes,fechamento_issue,3
dhh,anoldguy,fechamento_issue,3
dhh,lajjne,fechamento_issue,3
dhh,ryanrhughes,fechamento_issue,3
dhh,prabhchintan,fechamento_issue,3
dhh,npenza,fechamento_issue,3
dhh,wriver0s,fechamento_issue,3
dhh,joonjeong,fechamento_issue,3
dhh,ludo237,fechamento_issue,3
dhh,npenza,fechamento_issue,3
dhh,al3rez,fechamento_issue,3
dhh,marlonmarcello,fechamento_issue,3
dhh,smola,fechamento_issue,3
dhh,phanirithvij,fechamento_issue,3
dhh,ghuntley,fechamento_issue,3
dhh,bbondier,fechamento_issue,3
dhh,npenza,fechamento_issue,3
dhh,da-maltsev,fechamento_issue,3
dhh,opswole,fechamento_issue,3
dhh,okdas,fechamento_issue,3
dhh,smola,fechamento_issue,3
dhh,olgkv,fechamento_issue,3
dhh,varo6,fechamento_issue,3
dhh,ThiaudioTT,fechamento_issue,3
dhh,busybox11,fechamento_issue,3
dhh,ryanrhughes,fechamento_issue,3
dhh,ryanrhughes,fechamento_issue,3
dhh,opswole,fechamento_issue,3
dhh,rnadler,fechamento_issue,3
dhh,fabricioanciaes,fechamento_issue,3
dhh,anoldguy,fechamento_issue,3
dhh,zdehasek,fechamento_issue,3
dhh,drewhamlett,fechamento_issue,3
dhh,ThiaudioTT,fechamento_issue,3
dhh,c4software,fechamento_issue,3
dhh,npenza,fechamento_issue,3
dhh,caiogouveia,fechamento_issue,3
dhh,ryanrhughes,fechamento_issue,3
dhh,martinstork,fechamento_issue,3
dhh,c4software,fechamento_issue,3
dhh,henrysipp,fechamento_issue,3
dhh,al3rez,fechamento_issue,3
dhh,al3rez,fechamento_issue,3
dhh,Arash-Afshar,fechamento_issue,3
dhh,ehutzelman,fechamento_issue,3
dhh,jonashan,fechamento_issue,3
dhh,oca159,fechamento_issue,3
dhh,martinmose,fechamento_issue,3
dhh,calvinludwig,fechamento_issue,3
dhh,taylorminton,fechamento_issue,3
dhh,sjsrey,fechamento_issue,3
dhh,al3rez,fechamento_issue,3
dhh,prertik,fechamento_issue,3
dhh,prertik,fechamento_issue,3
dhh,al3rez,fechamento_issue,3
dhh,yacmeno,fechamento_issue,3
dhh,mheisig,fechamento_issue,3
dhh,mheisig,fechamento_issue,3
dhh,iharsuvorau,fechamento_issue,3
dhh,martinstork,fechamento_issue,3
dhh,icehunt,fechamento_issue,3
dhh,itsnumpty,fechamento_issue,3
dhh,Mohamedsayhii,fechamento_issue,3
dhh,justbispo,fechamento_issue,3
dhh,0xProt,fechamento_issue,3
dhh,brentdodell,fechamento_issue,3
dhh,harilvfs,fechamento_issue,3
dhh,Mohamedsayhii,fechamento_issue,3
dhh,ylluminate,fechamento_issue,3
dhh,d4n3sh,fechamento_issue,3
dhh,0xProt,fechamento_issue,3
dhh,al3rez,fechamento_issue,3
dhh,Kn0ax,fechamento_issue,3
dhh,davidgasquez,fechamento_issue,3
dhh,kennethgeerts,fechamento_issue,3
dhh,nicholaschiang,fechamento_issue,3
dhh,Antse,fechamento_issue,3
dhh,LeAlencar,fechamento_issue,3
