source,target,peso
007qr,mir4zul,2
0xFLE1J4,prgmatic,2
0xProt,pelephant2,4
0xharkirat,Roman-Weisman,2
0xrsydn,nmonev,2
11bDev,JonathanRiche,2
1cadumagalhaes,vlofgren,2
1cadumagalhaes,socket72,2
1cadumagalhaes,Nueny,2
24601,nik-securemeasure,4
24601,kjamal-hub,6
24601,muinmomin,2
2disbetter,Rnedlose,2
2disbetter,prathamngundikere,2
34fishyy,mir4zul,2
381181295,kromsam,2
3bit,sspaeti,2
3x3cut0r,nabeeladzan,2
522122,merouaneamqor,2
71be7,TobbEEEEH,2
880660,philippeback,2
A-Kushwah,al3rez,2
A0D1I2L3,itsmedardan,4
A0D1I2L3,Roilan,2
ADGLx,ablzh,2
AR45H,ddevault,2
ASBecker,goomba27,2
AbdSattout,paul-fornage,2
Abdirrahman,sgruendel,8
AbdulRhmanAlfaifi,capyfara,4
Abdulrahman-AL-Sabagh,ainslec,2
Absolpega,matthriscu,2
Acorn9443,nemoralis,2
AdamMusa,NicolasDorier,2
AdamUhh,emourad,2
AdiY00,lentra0,2
AdityaGarg8,NoaHimesaka1873,2
AdityaGarg8,trevorputbrese,16
Admix-software,al3rez,2
AidenDevsNagios,Kurizek27,2
Ajeetmisra,taylorminton,2
AlJohri,hyprhex,2
AlejandroSC,Roilan,2
AlexBevan,mtalha-codes,2
AlexanderGolys,ryanrhughes,2
AliQ80,wleme,2
AmanDeol7,mir4zul,2
Amoodaa,ryanrhughes,4
AnandRaj2224,ashd90,2
AndreRobitaille,curtisspendlove,2
AndrewMast,jharlan-hash,4
AndrewMast,RushiChaganti,6
AndrewMast,russell-davis,6
AndrewMast,rwwiv,2
AndrewMast,liaobinbin,2
AndrewMast,sgruendel,2
AndrianoTurner,ElBrodino,2
AnujCtrl,CaffeinatedTech,2
ArcaneCrowA,antonavy,2
ArcaneCrowA,skoom21,4
ArjixWasTaken,RolfKoenders,4
Artem1k,SoAp9035,2
Artem1k,CAI991108,2
ArthurWillers,wleme,2
ArthurWillers,cluah,2
Ashur-D,Awais-Sajid-119,2
Ashur-D,Veltair-D,2
Ashur-D,0xK1K3,8
AstroGlade,alcides,2
AurelienBoland,Shankar-1212,2
BBISWilliams,Matt-Ord,2
BBennettChiba,eshedruf,2
BLACK-ASH,TayoJuang,2
Baluditor,TobbEEEEH,2
BarnardCollier,jardahrazdera,2
BartoGabriel,ankurkotwal,4
BaselCS,prgmatic,2
BasitAli,Tatuck,4
Because789,dhh,26
Because789,Dynasty8614,2
Because789,defaultdino,6
Because789,sebastianobecchetti,2
BeelinkOfficial,ocewers,2
Beethoven-n,martinmose,4
BernhardRode,Luquatic,16
BernhardRode,Mateleo,2
BernhardRode,CGCM070,4
BigMitchGit,LeAlencar,2
Blanquefort-bq,fabiokr,2
Bornasm,ameeno,2
BrentRosen,jondkinney,2
Brian-Zavala,nmonev,2
BridgeSenseDev,tanshkoul,2
BridgeSenseDev,zxrovx,2
BridgeSenseDev,RaphaelKimmig,2
BrielOtero,jondkinney,6
Britnell,MentalGear,2
BrouZie,havard-vold,4
BrouZie,dhh,2
C0DE33301,RodriMora,4
CAVALICIOUSDEV,oliverperboni,8
CEOehis,fpigeonjr,2
CK-7vn,ashd90,2
COOLHax0r1337,bagguettiesonmywrist,2
CantC0unt,theajmalrazaq,2
Carloswelliton,TayoJuang,6
CashWilliams,dhh,4
Chamal1120,paucommit,2
Chamal1120,dhh,2
Chamal1120,shayne,2
Chase78712002,erdostom,4
Chase78712002,ainslec,2
Chase78712002,matheorism,2
Chiroyce1,jondkinney,6
ChrisBuilds,cakePhone,2
ChrisCampaDev,euandeas,2
ChristerNilsson,ColtonIdle,2
Christophe-ldb,illangpasandre-prog,2
CinnamonShaey,guibbv2011,6
CodeShady,grumpydumpty,2
Coletronix,LabGuy94,2
Coletronix,Matt-Ord,2
ColtonIdle,nqst,4
ColtonIdle,jackos,4
ColtonIdle,jondkinney,2
ColtonIdle,ryanrhughes,2
ColtonIdle,axelfontaine,2
ColtonIdle,renatovieiradesouza,8
ColtonIdle,transporsche,2
ColtonIdle,paul-fornage,8
ColtonIdle,DiegoRioboCabot,2
Copilot,acrogenesis,10
CrociDB,RodriMora,2
CwalkPinoy,nkasco,2
CyphrRiot,dhh,6
CyphrRiot,pelephant2,2
Czaruno,peregrinus879,2
Czaruno,mtalha-codes,2
D-Pagey,minisiowo,2
D-Pagey,gkurts,4
DarkzAtom,mir4zul,2
DarkzAtom,rafa-alves6,4
Darsh-A,DiegoRioboCabot,2
DarthJahus,Kurizek27,2
DavidHoenisch,wltechblog,2
DennisKraaijeveld,okdas,2
DerAlbertCom,ryanrhughes,2
DervMc,mattsontrygve-dot,2
DevAthulX,felixzsh,2
DevarshVasani,Dynasty8614,2
DiedrikDM,nilszeilon,2
DiegoRioboCabot,kromsam,2
Dimonnnnchik,oliverperboni,4
Doc-4,Veltair-D,12
Doc-4,w84death,2
Doc-4,kromsam,6
Docfips,jimd0t,2
DominicBoettger,killeik,2
DonMilon,crazed-developer,2
DrInfinite,hsyed,2
Dusk253,fcoelhomrc,2
Dzubrul,sifenfisaha,2
EJTP,kanishkdudeja,2
EchoTD,alcides,2
Egge21M,Luquatic,2
El-fonto,smakrysopoulos,4
ElBrodino,dhh,2
ElBrodino,PinheiroCosta,4
ElBrodino,ryanrhughes,6
ElBrodino,NvmN1G,2
ElBrodino,infogulch,2
ElBrodino,curtisspendlove,2
ElBrodino,ablzh,2
ElBrodino,jordihoven,2
Elphyn,Dynasty8614,2
Elphyn,RyanBreaker,2
Eltryyyy,halilozercan,2
EmiiFont,defaultdino,2
Erik312,Eim-31,2
ErikReider,voody77,2
EskelinenAntti,h14h,2
ExonakiDev,killeik,6
FallenCape,defaultdino,2
FanchGadjo,Ptark,2
Fazalkadivar21,wintermeyer,2
FitzsimmonsDF,ryanMeredith,2
Fraol-12,goomba27,2
Furyfree,crqch,4
Furyfree,kromsam,16
GOlaf71,FlameHorizon,2
Gabriel-sy,rafa-alves6,2
Gallardo7761,pkrzysiekk,2
Gallardo7761,bpidperygora,2
Gazler,Bekkenes,2
Gazler,dhh,4
Gearhartlove,ablzh,2
GitUser-IamALIVE,mikailbayram,4
Glue415,Tatuck,4
Gopal-G0,ColtonIdle,2
GorlikItsMe,donovan-duplessis,2
GreenHacker420,kvidaxl,2
Gregster31,al3rez,2
Gubio,ddevault,2
GuzmanMD,ankur3-101106,2
GyHUN95,Bekkenes,6
GyHUN95,cometaj2,2
GyHUN95,juizmill,2
GyHUN95,Luquatic,2
GyHUN95,mir4zul,2
HRKings,shyamenk,2
HRKings,prathamngundikere,2
HalvorNygaard,davide-ferrara,2
Hanish0,prgmatic,2
HectorBjernersjo,h14h,2
HegewaldK,ArchGalileu,2
HegewaldK,dhh,2
HegewaldK,curtisspendlove,2
HegewaldK,olavlinddam,4
HegewaldK,davide-ferrara,2
HegewaldK,e0,2
HegewaldK,Phrozenn1,2
HegewaldK,fisika1729,2
Heisen47,defaultdino,2
HemalR,tjcwilk,4
Htrichi,tibbe,2
Hughzu,kmf,2
Hughzu,DustinEwers,2
HundredBillion,Paulie420,2
HundredBillion,mikailbayram,2
HussainElemam,Matt-Ord,2
HussainElemam,kromsam,8
HussainElemam,vitaliiorlov,2
HybridSarcasm,Matt-Ord,2
IT-ess,guruswarupa,2
ITSZXY,ashd90,2
Instarlin,baxtr,2
IroncladDev,amanat361,4
Ismaele-silla,adecora,4
ItsMick,maxdmayhew,2
JAMSHEDD2,Sabadon,4
JBraddockm,crackiee,2
JJDizz1L,shayne,4
JJDizz1L,PranavKumar9529desai,2
JJDizz1L,Veltair-D,4
JJDizz1L,ryanrhughes,6
JRH89,grimy192837465,4
Jack-621,rthabett,2
JamesMConroy,ChristerNilsson,2
JamesMConroy,shawnyeager,2
JamesShelley,RaphaelKimmig,2
JamesShelley,mazdak,2
Jamesking56,DiegoRioboCabot,2
Jan747,trevorputbrese,8
JanEber,Danmoreng,4
JanProchy,apostaat,4
JansenSmith,cluah,2
JaxonWright,aifrim,4
JaxonWright,dhh,10
JaxonWright,rthabett,2
JaxonWright,SYKwong,2
JaxonWright,Merovex,2
JaxonWright,galihwicaksono90,2
JaxonWright,pymmog,4
JaxonWright,jonashan,2
JaxonWright,patcito,2
JaxonWright,Reflux0301,2
JaxonWright,robertobarreda,2
JeepNWilly,bhood239,4
Jesse-Lucas1996,Luquatic,2
JkLondon,ludagoo,2
JohanS57,Salt-555,2
John-Lin,nik-securemeasure,2
JohnAZoidberg,inffy,2
JoostdeK,olavlinddam,4
JoostdeK,githubpoet,2
JoostdeK,Luquatic,2
JoostdeK,f6198874,2
JoostdeK,dhh,6
JordanAdair,JAMSHEDD2,2
JordanAnthonyKing,spdawson,4
JordanAnthonyKing,jondkinney,2
JordanAnthonyKing,dhh,4
JordanAnthonyKing,nabeeladzan,4
Jos620,cluah,2
Joshua-takyi,defaultdino,2
Julian194,goodroot,2
Jynx,emourad,4
KEVGRU,Dynasty8614,4
Kajiysor,jandrusk,2
Kasui92,dhh,2
Keva1z,Abdirrahman,2
KidDogDad,pmercatoris,2
Killiivalavan,Roilan,2
KingOfTac,zigmoo,2
Kn0ax,LeAlencar,12
Kn0ax,itsnumpty,14
Kn0ax,busybox11,10
Kn0ax,killeik,26
Knochestolle,jjeffrin,6
Knutsi,goomba27,2
Kolgann,Tatuck,2
KornienkoDev,ramlev,2
KornienkoDev,JordanAnthonyKing,2
KornienkoDev,eifr,2
KrauseKurt,rosscondie,2
KrauseKurt,jackos,2
KristianHolme,NightOwl80,2
Krymancer,rsd,2
Krymancer,JaberChowdhury,2
Krymancer,Coding4Hours,2
Krymancer,hjanuschka,2
Krymancer,Somnius,2
KunalGautam,Pintjebier,2
Kylar13,jondkinney,8
KyongSik-Yoon,emourad,2
LabGuy94,pelephant2,2
LarsEckart,dhh,2
LazyStability,ashd90,6
LazyStability,Salt-555,2
Lazymindz,mir4zul,2
Lejoni,alcides,2
LesesTrickshon,Awais-Sajid-119,2
LiamBateman,jasencarroll,2
LiamBateman,Jan747,4
LiamBateman,trevorputbrese,2
Linac44,cammynixfr,2
LinuxFurry,c0mpile,2
LorandMarton,nemoralis,2
LorenzoSturmerSfreddo,Pintjebier,6
LucCodes,nik-securemeasure,2
LucaNerlich,c4software,2
LucaNerlich,juanchomann,2
LucaNerlich,alexandru-calinoiu,4
LucaNerlich,ainslec,2
LucaNerlich,michaelshmitty,4
LucaNerlich,mir4zul,2
LucaNerlich,tjcwilk,2
LucaNerlich,steffenkrogmann,2
LucaNerlich,philippeback,2
LucasAlfare,TomRaaff,4
LucasAlfare,crackiee,2
LucasAlfare,ElBrodino,2
Lucashdml,goomba27,4
LuccasGianesini,Shankar-1212,2
LuccasGianesini,diegonogueira,2
LufoX11,danprueitt,2
LuizCampedelli,kyedavey,2
LukasKorotaj,molhamfetnah,2
Luquatic,shawnyeager,2
Luquatic,tuntaukA,2
Luquatic,mmsbrggr,10
MEMSITO,odnmalau,2
MGross21,seanpk,2
MGross21,Carloswelliton,2
MGross21,rmusaev99,2
MaKeG0,vitaliiorlov,2
Macho0x,OmarSkalli,2
MachoXV,lestex,2
Maciejonos,RushiChaganti,2
Madhu-mohan86,ryanrhughes,2
Maduki-tech,h14h,2
Malanius,lukehowson,2
MananDesai54,codewhizz,2
Mane-Pal,dhh,4
MarsDude-eu,Luquatic,2
MarsDude-eu,alexandru-calinoiu,2
MarsDude-eu,ankur3-101106,4
MartinCura,matiasmoya,2
MateoGV14,the-name-romel,4
MathiasDevelopes,atorrez007,2
MattMangoni,tobiasz-p,6
MattTheisen,Luquatic,2
MatthewABrantley,ryanrhughes,4
MatthewKing,JosefAmbruz,2
Mattry-Dev,defaultdino,2
MattyGam3r,0ncoming-Storm,2
MaxFaucon,makcakaya,2
Mayank-Bhatasana,Reflux0301,2
MegaBlackLabel,peregrinus879,2
MehrabUd,alcides,2
Meikkun,oxidebits,2
MentalGear,Rnedlose,2
Merovex,thomu5000,2
Merovex,Else00,2
MichMich,MichaelTeeuw,2
Michael-Steshenko,curtisspendlove,2
Michallote,itsmedardan,2
Michallote,gangaasoonu,2
Michallote,babu-fr1k,2
Michallote,MichaelM3,4
Michallote,imvaskii,2
Michallote,robertobarreda,8
Michallote,kromsam,2
MikeVeerman,c4software,6
MikeVeerman,ColtonIdle,4
MillerJ20,crestanigui,2
Mohamedsayhii,LeAlencar,4
Mohamedsayhii,denisgolius,2
Mohamedsayhii,dhh,2
Mohamedsayhii,ryanrhughes,2
Mohamedsayhii,adaryorg,2
Mohamedsayhii,SatoriSec,6
Mohamedsayhii,rossvz,2
Mohamedsayhii,emourad,2
Mohamedsayhii,nicolaric,2
Mohamedsayhii,qdev0,4
MountVesuvius,nunix,2
MrHPotter,RodriMora,2
MrMarble,Shankar-1212,4
MrMarble,data-davey,2
MrMarble,felixzsh,2
MrOnijohn,nicolaric,2
MrTrigger,pedrodrocha,2
MrTroika,ddevault,2
Mrgaton,colutti,2
Mrid22,guirossibrum,2
Mrid22,elton-cs,2
Muf454,Luquatic,4
Muhammad-Owais-Warsi,jkc-2,2
Mujhtech,Merovex,2
MukaramNadeem,Carloswelliton,2
MukaramNadeem,Meetbuilds,2
Mulhamsth,nmonev,4
Mulhamsth,luposlip,2
MutasemKhatab,Hedayatbakhshi,4
Naelpuissant,dhh,2
Naelpuissant,hipsterusername,2
Naelpuissant,albinkc,2
Naelpuissant,andresatierf,10
Naresh-Khatri,TobbEEEEH,2
NeimadTL,ElBrodino,4
NeimadTL,ryanrhughes,2
NeimadTL,kyleGrealis,2
Nerkyator,wouterbouvy,2
NewRedsquare,Furyfree,2
Ngquang,dhh,2
Ngquang,abuturabofficial,2
NickJAllen,y0no,2
NickTheWilder,ZacAmnell,2
NicolasDorier,ddevault,2
NicolasDorier,dharmavagabond,4
NicolasDorier,defaultdino,2
NicolasDorier,AdamMusa,2
NixBiks,shawntz,12
NixBiks,chriopter,2
NixBiks,shawnyeager,2
NoaHimesaka1873,trevorputbrese,2
NoaHimesaka1873,ahmed-zekry,2
NotGovernor,ddevault,2
NurdinDev,maxdmayhew,4
OguzhanKalelioglu,Shankar-1212,2
OhmPatil,Tharun-tharun,2
OleksiiPylypcuk-cnic,curtisspendlove,2
OmarSkalli,nik-securemeasure,4
OmarSkalli,ironicbadger,2
OmarSkalli,jfernandez,2
OmarSkalli,hjanuschka,4
OmarSkalli,lfrostp,2
OmarSkalli,adecora,4
OmarSkalli,ludagoo,2
OmericoN,luishg,2
OmrYvs06,kromsam,2
OptimisticMonkey,yapus,2
Orinax,diwashpandey,4
Orinax,Matt-Ord,2
OrlandoRati,cammynixfr,4
OsmarBogarin,Chase78712002,2
OswinWenlock,bagguettiesonmywrist,4
OthinusG,AnubhavPabby,2
PCMasterRays,yapus,2
PDXPuma,sailoz,2
PDXPuma,dhh,6
PaideiaDilemma,diegopluna,4
Parkertg,colutti,2
PauloHFS,hilderv,4
PedAltuve,Luxian,2
PeterBaker0,Reflux0301,2
Pikmingamer9539,DiegoRioboCabot,2
Pintjebier,adaryorg,6
Pintjebier,Ashur-D,2
Prajwal-Prathiksh,przemekmatsumoto,2
Prajwal-Prathiksh,meirdick,2
Prajwal-Prathiksh,peregrinus879,2
Prajwal-Prathiksh,killeik,2
PrashanthShetty,battlej07,2
PraveenC2002,Traves-Theberge,4
ProPatte,Pintjebier,10
RVZO6,goodroot,2
Radium108,sedubois,2
Rakura-cloud,jb0gie,4
RaphaelKimmig,ryanrhughes,2
RavinduRepo,mir4zul,2
RayGuo-ergou,nik-securemeasure,4
Razcall,henderb,2
RecklezzNexus,nunix,2
Reflux0301,axelfontaine,2
RegorTheDodger,dxrkinfuser44,2
ReiLoko4,Ryaja2,2
Remgr12,thefonso,2
Rex-8,feliblo,2
RichardBieringa,xulqarnaen,2
Ripped-Kanga,matheorism,2
Rishabh-Sarang,ryanrhughes,2
Rishabh-Sarang,dharmavagabond,4
Rishabh-Sarang,darshfi,2
Rishabh-Sarang,victorbueno,2
Rishabh-Sarang,jelenv,2
Rishabh-Sarang,felixzsh,2
Rishabh-Sarang,HANCORE-linux,2
Rishabh-Sarang,a-sologub,2
Rishpraveen,odnmalau,2
RizaHKhan,ryanrhughes,8
Rnedlose,dhh,4
Rnedlose,luigig44,2
Rnedlose,jheuing,6
RobAndrewHurst,rossvz,2
RobinVanCauter,ElBrodino,2
RodriMora,dhh,2
RodriMora,Ratko-Solaja,2
RohithReddy-45,defmodenet,2
Roilan,vlofgren,2
Romanhan,Luquatic,2
RomanoCodes,cammynixfr,6
Ronit9320,djmiky43,2
RoqueRueda,bragmore,2
RowdyRagamuffin,bragmore,2
RushiChaganti,nskrdev,4
RushiChaganti,dhh,2
RushiChaganti,gray-adeyi,2
RushiChaganti,ryanrhughes,6
RyanBreaker,GyHUN95,4
SOBANEJAZ,hegjon,2
SOBANEJAZ,Mawn19,4
SaadAhmedGit,Luquatic,2
SabuhiYusif,matheorism,2
SamCoppen,fidelisakilan,2
SamrudhNelli,Danmoreng,2
SamrudhNelli,kromsam,2
SamrudhNelli,lfrostp,4
SamrudhNelli,Shastryji,2
SamrudhNelli,prgmatic,4
SamrudhNelli,ryanrhughes,6
Sarniva,mmsbrggr,6
Sarniva,mir4zul,2
Sarniva,illangpasandre-prog,2
SatoriSec,nik-securemeasure,10
Scorpek,eduardobatista,2
Serendeep,dhh,4
Sgierek106,Rishabh-Sarang,2
Sgierek106,naxels,2
Shashwat-Chauhan,zsolt-donca,2
ShikharArvind,maietta,2
Shirkit,killeik,2
ShouryaUpadhyaya,btbishop93,2
SilhouetteCipher,mir4zul,2
SimonGuldager,StarrWulfe,2
Siphon8972,defaultdino,2
SirMaxwellSmart,Tatuck,2
SirenGlitch,zigmoo,14
SirenGlitch,RodriMora,8
Skedar,kromsam,4
Skedar,Swarnim114,2
Skedar,Furyfree,2
Skedar,ddevault,2
SnapshotCiTy,ryanrhughes,2
SoAp9035,derluke,2
Somnius,dhh,2
Somnius,MikaelWeiss,4
Somnius,zxcfilatov,2
Somnius,adecora,2
Somnius,mtalha-codes,4
Somnius,DevBasem,4
SophaHum,minisiowo,2
SpBills,rusty-genius,2
Spellytics,guruswarupa,2
Spellytics,illangpasandre-prog,2
Stxzor,kromsam,2
Sunny-esc,danielnolan,2
SushantChandla,wavic,6
SushantChandla,babu-fr1k,2
SuspendTV,colutti,4
SvenHjerson,riegojerey,2
Swarnim114,BrouZie,2
TC-42-54,MikaelWeiss,2
TatersShip,zxcfilatov,2
TayoJuang,sircode,6
Teddy34,fabiokr,2
TeriyakiBomb,JaxonWright,2
Tharun-tharun,vikramsingh117,2
Tharun-tharun,dhh,4
Tharun-tharun,ochowie,2
Thawab8,naxels,2
Theacebutler,fcoelhomrc,2
TheoAndersen,helioascorreia,2
Theofilos-Chamalis,itsmedardan,2
ThiaudioTT,npenza,2
ThinkRamen,maxdmayhew,2
ThisDevDane,ryanrhughes,4
Thundernirmal,scossar,2
Ticonderoga,milolethbridge,2
Timoite,rafa-alves6,2
TonyBostonTB,RodriMora,2
ToprakBZK,guibbv2011,2
Traap,sgruendel,2
TravonteD,mmsbrggr,4
Tribeofhackers,ironicbadger,2
Trudko,ryanyogan,2
Tuurlijk,halilozercan,2
TyRichards,sspaeti,2
URD0TH,sliceking,4
Ucok23,nemoralis,4
Umair444,prgmatic,2
Umenokin,ElBrodino,2
Unayung,jondkinney,2
VDuda,ocewers,2
View-my-Git-Lab-krafi,Rakura-cloud,4
VindiceCode,amanat361,2
Vladimir-csp,woopstar,4
Vladimir-csp,gangaasoonu,2
Vladimir-csp,tobi,2
Vonzedlitz,luishg,4
WToa,ankurkotwal,4
Weston-Cox,kjamal-hub,4
WilsonSousajr,GiraffeCoding,2
Wincohax,coolaj86,2
Winterbones01,RodriMora,2
Wolframko,shawnyeager,2
Woosah,ryanrhughes,4
Woosah,riegojerey,2
Woosah,andresatierf,10
Woosah,stoicz,2
Woosah,MrJack91,2
XNinety9,coolaj86,2
XTremeT-TorstenM,mmsbrggr,2
XY55bqg6iAw8ttP,5kyguy,2
Xamnalim,eshedruf,2
Xhelliom,ashd90,2
Xoorgh,ludagoo,4
Xoorgh,satyapraneet63,6
Xypion,amanat361,2
Yazington,defaultdino,2
YounessFkhach,wouterbouvy,6
Youssef-codin,anime-in-the-world,2
Yug3ne,Grawave,2
YvesCB,Matt-Ord,2
Zayn-khan-Yusufxai,shawnyeager,2
Zeneixe,goomba27,2
Zesko,nunix,2
Zesko,syabro,2
Zesko,peregrinus879,2
Zesko,JosefAmbruz,2
Zeus-Deus,kromsam,14
Zeus-Deus,jharlan-hash,2
Zooce,Gazler,2
ZorudaRinku,lentra0,2
abbaty48,instak1ll,2
abbood,nilszeilon,2
abdullahdevrel,alexhraber,2
abelfubu,syabro,2
abenz1267,jirpok,4
abenz1267,dhh,20
abenz1267,ColtonIdle,10
abenz1267,melonamin,6
abenz1267,anagrius,2
abenz1267,ghost,4
abenz1267,pelephant2,14
abenz1267,ryanrhughes,24
abenz1267,bruceunx,2
abenz1267,andnig,44
abenz1267,mitsuhiko,4
abenz1267,bastos,10
abenz1267,lukexor,2
abenz1267,gregmolnar,2
abenz1267,saullrb,4
abenz1267,apdingman,2
abenz1267,danfascia,4
abenz1267,zaneschepke,4
abenz1267,tahayvr,6
abenz1267,githubpoet,4
abenz1267,spdawson,2
abenz1267,ArchGalileu,12
abenz1267,SatoriSec,4
abenz1267,Jabuk,2
abenz1267,JavierBertolino,4
abenz1267,ltehacker,2
abenz1267,sailoz,2
abenz1267,tubaman,2
abenz1267,Swarnim114,2
abenz1267,robzolkos,4
abenz1267,EhsanulHaqueSiam,2
abenz1267,GiraffeCoding,6
abenz1267,halilozercan,4
abenz1267,shawnyeager,2
abenz1267,pmercatoris,22
abenz1267,Serster,4
abenz1267,c4software,12
abenz1267,Humam-Hamdan,2
abenz1267,amirkarimi,10
abenz1267,rsd,2
abenz1267,jondkinney,6
abenz1267,SamrudhNelli,4
abenz1267,iislamgom3a,2
abenz1267,golgor,2
abenz1267,cakePhone,4
abenz1267,kromsam,10
abenz1267,arcbjorn,6
abenz1267,DanielApt,2
abenz1267,kodnin,4
abenz1267,kanishkdudeja,2
abenz1267,JordanAnthonyKing,6
abenz1267,nonetrix,2
abenz1267,dradrien,2
abenz1267,paul-fornage,2
abenz1267,dz0ny,4
abenz1267,hjanuschka,2
abenz1267,voody77,4
abenz1267,guilhermetk,2
abenz1267,nmeylan,2
abenz1267,andresatierf,32
abenz1267,tjcwilk,2
abenz1267,ddevault,4
abenz1267,GreenHacker420,2
abenz1267,alexjp,2
abenz1267,coffnix,2
abenz1267,syabro,26
abenz1267,skoom21,2
abenz1267,landsman,4
abenz1267,colutti,2
abenz1267,Woosah,2
abenz1267,Lukibukiboy,4
abenz1267,YannickHerrero,4
abenz1267,rafaelvzago,2
abenz1267,Furyfree,2
abenz1267,nskrdev,2
abenz1267,prathamngundikere,2
abenz1267,hoblin,6
abenz1267,vladkhard,2
abenz1267,Dynasty8614,4
abenz1267,nganaremba-rem,2
abenz1267,prgmatic,4
abenz1267,vaqMAD,2
abenz1267,rthabett,4
abenz1267,fabiokr,4
abenz1267,defer,16
abenz1267,MematiBas42,2
abenz1267,Mohamedsayhii,2
abenz1267,RushiChaganti,80
abenz1267,fcoelhomrc,2
abenz1267,devbrsa,10
abenz1267,Blitz-Cloud,2
abenz1267,shelldandy,2
abenz1267,Zxuus,10
abenz1267,duke13137,10
abenz1267,fisika1729,2
abenz1267,g1sbi,2
abenz1267,SoAp9035,2
abenz1267,robinsmith-source,2
abenz1267,hid4ri,2
abenz1267,azeemsher788,2
abenz1267,kylebragger,6
abenz1267,nmonev,2
abenz1267,MBMarsell,2
abenz1267,jordihoven,4
abenz1267,russell-davis,8
abenz1267,d-cas,2
abenz1267,rmusaev99,2
abenz1267,HappyNZ95,2
abenz1267,eifr,6
abenz1267,vyrx-dev,12
abenz1267,fcmiranda,6
abiiranathan,RodriMora,2
ablzh,Manujdixit,4
ablzh,joaocarvalhoopen,2
abuturabofficial,h4636oh,2
acatighera,Davilonchi,2
acrogenesis,nkasco,4
acrogenesis,oluwatimio,2
adam-coates,kromsam,2
adam-zluva,daltsan,2
adamavenir,eclecticc,6
adamritter,bvdwalt,2
addi-G998,kira-coding,4
adelplace,TobbEEEEH,2
adevade,golgor,2
adopon,goomba27,2
adrianjean,ryanrhughes,4
adrianthedev,wouterbouvy,6
adschem,linux-fertxo,2
aericson,dhh,6
afansv,nilszeilon,2
afoster,grumpydumpty,2
agata,jandrusk,2
aglee-prog,ryanrhughes,2
ahaxu,Coding4Hours,2
ahkohd,opswole,2
ahmed-zekry,sedubois,2
ahmet-ergul,Luquatic,2
ahoglund-stripe,wouterbouvy,2
ahowardm,abenz1267,2
aifrim,dhh,4
aifrim,ryanrhughes,10
ainslec,DustinEwers,2
airconless,Shastryji,2
ajrussellaudio,ironicbadger,2
ak127a,DiegoRioboCabot,2
aki1ro,crestanigui,4
akmcafee,weierfischen,2
ako-kh,trevorputbrese,2
akthe-at,Davilonchi,2
al3rez,dhh,4
al3rez,zaneschepke,2
alansikora,dhh,4
albibenni,gabriel-curtino,2
albibenni,maietta,2
alcgabriel,zxcfilatov,2
alerque,MrJack91,10
alexandru-calinoiu,neurotroph,2
alexandru-calinoiu,EhsanulHaqueSiam,2
alexandru-calinoiu,Luquatic,2
alexeydemidovkz,ehutzelman,2
alexhraber,Furyfree,2
alexhraber,ElBrodino,2
alexhraber,c0mpile,4
alexindigo,caiogouveia,2
alexjp,woopstar,6
alexperreault,Veltair-D,6
alexperreault,anshul12ra,4
alexperreault,not-NEK0,2
alexperreault,dvalnn,2
alexperreault,thomu5000,2
alexperreault,Luquatic,2
alexperreault,codewhizz,2
alexperreault,ankurkotwal,4
alexperreault,f6198874,2
alexperreault,JordanAnthonyKing,2
alexperreault,rikkarth,2
alexperreault,bjarneo,6
alfarhan,ryanrhughes,2
ali-afk,killeik,4
allandt-numan,RodriMora,4
almeidapaulooliveira,ddevault,4
alock,meceo,2
aloshbennett,coryellcp,2
alpiua,markjfisher,2
alvarikoke99,data-davey,2
alvarosaavedra,przemekmatsumoto,2
amanat361,iamobservable,2
amangupta20,victornor,2
amheuer,Furyfree,2
amiles5,luposlip,2
amirkarimi,nkasco,2
amirtanazzoh,Reflux0301,2
ancxanas,Ugwattu,2
andich-xyz,oliverperboni,2
andradewall,Roman-Weisman,2
andrearagao,ghuntley,4
andreaugustoaragao,ghuntley,2
andrebenedetti,guruswarupa,2
andresantoniuk,Tatuck,2
andresatierf,nqst,2
andresatierf,mroboff,6
andresatierf,robertobarreda,36
andreschapiro,tobiasz-p,4
andrewhoyer,alexpotato,4
andrrms,goomba27,2
andy4thehuynh,nik-securemeasure,4
aneksz,abenz1267,2
anime-in-the-world,tobiasz-p,2
anime-in-the-world,TobbEEEEH,2
anime-in-the-world,mitalia,2
anirbandotdev,tjcwilk,2
ankurkotwal,lukehsiao,2
ankurkotwal,Mayank-8127,4
anoldguy,ryanrhughes,2
anoldguy,startupfoundry,2
antejan,wavic,2
antonavy,alcides,2
antonavy,Furyfree,2
antoniodavid,eifr,4
aokomorowski,helioascorreia,2
apfernandes,naxels,8
apfohl,JosefAmbruz,14
apotenza92,Roman-Weisman,2
aquaspy,Salt-555,2
arafays,d4vsanchez,2
arcbjorn,vlofgren,2
arcbjorn,balduinofernando,4
arcbjorn,h14h,2
arcbjorn,gasper008,2
arcbjorn,eclecticc,2
arcbjorn,DanielApt,2
arcbjorn,jzetterman,12
arcbjorn,itsscb,10
ardavis,diegopluna,4
ardavis,f6198874,2
ardavis,Coding4Hours,2
ardavis,jheuing,2
arenclissold,wavic,4
ariejan,matheorism,2
arielj,ryanrhughes,6
arifur,AnubhavPabby,2
arizon-dread,Luquatic,2
armujahid,dhh,2
arni1981,cinemast,2
arni1981,davidwinter,2
arrifat346afs,ashd90,2
arslanbekov,djschnei21,2
arslanovngc,gabriel-curtino,4
artajdc,ColtonIdle,2
artfwo,antonavy,6
artjsalina5,dimmerz92,2
arusa,wavic,6
asfarley,denisgolius,4
ashaikh,rantnar,2
ashd90,gingerpickle99,2
aspasia-patron,blazskufca,2
aspasia-patron,roberto-aguilar,2
aspasia-patron,ashutoshbw,2
assada,Shankar-1212,2
astralaster,Cammisuli,12
ath0m,jondkinney,8
ath31st,Dan-Kingsley,2
atiqsamtia,Swarnim114,4
atiqsamtia,RodriMora,4
atorrez007,muhlinux,2
audriusl,GiraffeCoding,2
aurelleb,syabro,4
avaera8775,ChristerNilsson,2
avraw,vaqMAD,2
axelfontaine,ardavis,2
axelfontaine,SamrudhNelli,2
axelfontaine,c4software,2
axelfontaine,iccodes,2
axelfontaine,negoro26,4
axelfontaine,wintermeyer,4
axelfontaine,ryanrhughes,2
axelfontaine,opiero,2
ayan-de,vaqMAD,2
ayoblt,amirkarimi,2
badlydrawnface,GyHUN95,2
bagguettiesonmywrist,Pintjebier,2
bagguettiesonmywrist,SatoriSec,2
bagguettiesonmywrist,thomu5000,2
balduinofernando,nmonev,2
balupton,nilszeilon,6
baremarco,Mayank-8127,2
barrybro,satyapraneet63,2
bartdorsey,dhh,2
bartdorsey,crestanigui,2
bartdorsey,Mayank-8127,2
bashln,RodriMora,4
bashln,zigmoo,2
bastnic,pilgren,8
bastnic,benWindsorCode,2
bastnic,chriopter,2
bastnic,nkasco,6
bastnic,kromsam,2
battlej07,hipsterusername,2
bcavaco,socket72,6
bcorcoran,adamavenir,24
bdx-asn,bragmore,2
bdx-asn,ironicbadger,2
bearthababe,jackos,2
beergeekdotcom,nik-securemeasure,2
benWindsorCode,Abdirrahman,2
benWindsorCode,ablzh,2
benWindsorCode,euandeas,2
benarcher2691,naxels,2
beniaminogreen,Kro0noss,2
benjamonnguyen,ramlev,2
benjohnson77,LeAlencar,2
benlinzel,ryanrhughes,4
bernbecht,DustinEwers,2
berrimi,shawnyeager,4
berrimi,kaizakin,4
bersace,avaldez-gr,2
bersace,abuturabofficial,2
beyondeye,JoaoPedro-cody,2
bftanase,randall-vx,2
biemster,Ryaja2,2
biemster,mtalha-codes,2
biemster,seanpk,2
biemster,wouterbouvy,2
biemster,halilozercan,4
bigburlyman496,goomba27,2
biggsjm,dhh,2
bilke,bcavaco,2
bitclaw,ainslec,2
bjabot12,ajmAAid,8
bjabot12,wouterbouvy,2
bjarneo,dhh,2
bjarneo,sspaeti,4
bjarneo,jb0gie,2
bjarneo,Shankar-1212,4
blackmou5e,vlofgren,2
blazskufca,w84death,2
blazskufca,Sicherheit007,2
blazskufca,kromsam,2
blost-fyi,jondkinney,2
blue-3,ngodn,2
bnferguson,jondkinney,2
bpiroman,lucasolima,2
brad,denisgolius,2
braintornapart,killeik,4
brasilikum,g-hartmann-kanguro,2
breadpittunbreaded-stack,koepalex,2
brennancoslett,ZorudaRinku,2
brennancoslett,gaudi369,2
brennandunn,chriopter,6
brennandunn,killeik,2
brentdodell,dhh,2
brianblakely,tony-ho,2
brianmario,trevorputbrese,2
brianspragge,ryrobes,2
brielov,Nico-Mayer,2
brink-lab,saeedvaziry,2
brink-lab,adamavenir,16
brink-lab,iccodes,2
brink-lab,jfernandez,2
brink-lab,joelgaff,2
brink-lab,jondkinney,2
brink-lab,qasimsk20,18
brink-lab,ainslec,4
brink-lab,naxels,4
brink-lab,ryanrhughes,2
brink-lab,dhh,2
brink-lab,mir4zul,2
brink-lab,vander00,2
brunny-eth,flaviolivolsi,2
brunosabenca,RomanoCodes,4
brupm,shawntz,2
brutalsam96,JordanAnthonyKing,2
bryan-thompsoncodes,SDCVO,2
brycv,e-minguez,2
bscott,goomba27,6
bscott,defaultdino,2
bscott,rafa-alves6,2
bsg62,nik-securemeasure,2
budnik,emourad,2
bunkerWHz,schlafer,2
bunkerWHz,AnonymousCoderArtist,6
c0d3h01,Luquatic,4
c4software,florianbeer,6
c4software,abdellahrk,2
c4software,dhh,16
c4software,tahayvr,2
c4software,OmarSkalli,2
c4software,valbertoenoc,4
c4software,MikeVeerman,10
c4software,chriopter,2
c4software,crackiee,4
c4software,axelfontaine,6
c4software,woopstar,2
c4software,tristonarmstrong,2
cai0baa,guibbv2011,4
caiohenrqq,heheda123123,2
cakePhone,Anik200,2
cakePhone,ryanrhughes,2
caleb,helioascorreia,2
caleb,Jerbear0,2
calepayson,sedubois,2
capatina,itsnumpty,2
capyfara,oxidebits,2
carabistouflette,not-NEK0,2
cardoprimo,euandeas,2
cardoprimo,lentra0,2
carmen-gh,pedrodrocha,2
cazador11,RodriMora,2
cbsmith,naxels,2
cdj5492,ammarove,2
cebms,Tatuck,2
celikbir,djmiky43,2
celsobenedetti,RushiChaganti,36
centifanto,wilfredom,2
cerrsys,illangpasandre-prog,2
cerrsys,crazed-developer,2
cescocesco,XNinety9,2
chadbailey59,lfrostp,2
chakraskun,grimy192837465,2
chardoncs,nilszeilon,2
chatodux,Shankar-1212,2
chgeuer,JosefAmbruz,4
chicheese,ocewers,2
chriopter,w84death,2
chrismazanec,killeik,6
chrisrharris,JonathanRiche,4
chrisrharris,nkasco,4
christianp82,TobbEEEEH,2
christophergyman,dhh,2
chthollyphile,Shankar-1212,2
chthollyphile,Pintjebier,2
chthollyphile,Roilan,2
chuanjin,liams000,2
cicku,abuturabofficial,2
cinco,oliverperboni,2
ciprimarian,ahmed-zekry,2
citizenanalog,ramlev,2
cittadhammo,Shastryji,2
cjoelrun,npenza,2
ckr,curtisspendlove,2
ckrailo,gammons,2
ckrailo,evanh1393,2
ckunte,mmsbrggr,2
classicAmitIn,nik-securemeasure,4
clauzf,SuspendTV,2
clementnuss,mfornasa,2
clementnuss,ovistoica,2
clouraLabs,RodriMora,2
clouraLabs,hojner,2
cluah,elpritchos,10
cluah,shawnyeager,8
cluah,flaviolivolsi,8
cluah,gangaasoonu,2
cluah,ColtonIdle,2
cluah,d3vw,2
cluah,guirossibrum,2
cnharrison,matheorism,2
cns-studios,LazyStability,2
codejake,Zooce,2
codejake,genebean,2
codewhizz,itsnumpty,2
coendewit,AdamMusa,2
colutti,davidbasilefilho,2
colutti,Abdirrahman,2
cometaj2,ryanrhughes,4
contang0,SatoriSec,4
contang0,JaxonWright,2
coolaj86,dimmerz92,2
coolbotic,lentra0,2
coopenstein,jpumfrey,2
coopenstein,crazed-developer,2
coopenstein,meceo,2
copilot-pull-request-reviewer[bot],ZorudaRinku,4
copilot-pull-request-reviewer[bot],acrogenesis,8
copilot-pull-request-reviewer[bot],joonjeong,4
cordeirojs,defaultdino,2
cossssmin,iccodes,2
cover,jimmypoulsen,2
cpburm,Traves-Theberge,2
cptx13,Luquatic,2
cpuccino,Rishabh-Sarang,2
crazed-developer,mir4zul,2
creativehubspace,Luxian,2
creativehubspace,COOLHax0r1337,4
creativehubspace,bhood239,4
creaumond,brentdodell,2
crestanigui,wavic,10
cristianuibar,acrogenesis,4
crmne,vyrx-dev,2
crmne,med502,2
crnvl96,dhh,2
crnvl96,c4software,2
crono64,Bekkenes,2
ctarx,milolethbridge,2
ctarx,hyprhex,2
ctarx,rCirelli,2
ctarx,Luquatic,2
ctarx,odnmalau,2
ctarx,JosefAmbruz,2
ctarx,sarrietav-dev,2
ctarx,Matthew-act546,2
ctarx,mir4zul,2
ctarx,mir-hussain,2
ctrl-alt-adrian,vyrx-dev,2
curtislmartin,pheonick,2
curtisspendlove,ghost,2
curtisspendlove,ryanyogan,6
curtisspendlove,tahayvr,6
cvuorinen,nskrdev,2
cvuorinen,mir4zul,2
cyppe,vlofgren,4
cyppe,pipetogrep,2
czlowiek488,vaqMAD,2
czrcbl,fisika1729,4
czrcbl,minisiowo,2
czrcbl,ColtonIdle,4
czyt,nicolaric,2
czyt,Cammisuli,2
czyt,tjcwilk,2
d-cas,TobbEEEEH,12
d-cas,anime-in-the-world,4
d-cas,maxdmayhew,2
d-cas,jvanbaarsen,2
d-cas,lukehsiao,4
d-cas,FatalCatharsis,8
d-cas,matheorism,2
d-cas,ryanrhughes,2
d-cas,sk4rrjin,4
d-cas,mikailbayram,2
d0ctr,Furyfree,6
d34dh0r53,jondkinney,2
d3ployment,ryanrhughes,2
d3vw,Ratko-Solaja,2
d3vw,matheorism,2
d3vw,GiraffeCoding,2
d3vw,andnig,2
d3vw,shawnyeager,4
d4n3sh,c0mpile,6
d4n3sh,nicolaric,2
d4n3sh,evanh1393,2
d4vsanchez,paucommit,10
da-maltsev,Luquatic,2
da-maltsev,jonashan,6
daanlenaerts,curtisspendlove,2
daanlenaerts,kromsam,4
dadoming,HamzaHeikal2011,2
dadoming,ankur3-101106,4
daemonp,ammarove,2
dakotahp,curtisspendlove,2
dakshesh14,arampak,2
daltonbr,ghuntley,2
daltonbr,npenza,2
daltonbr,PhaedrusFlow,2
daltonbr,dhh,2
daltonwillard,Tatuck,6
danfascia,dhh,2
danidanz,wouterbouvy,2
danmack,LeAlencar,2
dannevang,MikeVeerman,8
dannevang,med502,2
dannevang,grzegorzbartman,2
danrasmuson,xulqarnaen,2
dantams,adamavenir,2
darcy,OmarSkalli,4
darcy,pikdum,2
darkdora,ryanrhughes,2
davegudge,mmsbrggr,8
davelens,jjeffrin,2
davelowry,itsnumpty,4
davi-mplan,Mohamedsayhii,4
davidbeers,steffenkrogmann,2
davidcbacker,fpigeonjr,2
davidcbacker,jamesmcm,38
davide-ferrara,kylebragger,2
davidguttman,nunix,2
davidguttman,defer,2
davidszp,shyamenk,2
davidszp,ochowie,2
davidszp,cammynixfr,2
davidszp,Matt-Ord,2
davidwinter,ludagoo,6
davilera,fpigeonjr,2
davzucky,ryanrhughes,2
dazzatronus,Manujdixit,2
dazzatronus,sparky0520,2
dazzatronus,AFFLatusss,2
dbrw,wouterbouvy,2
dbrw,seanpk,2
dc-shimla,reza866,2
dcalliari,landsman,2
dcgibbons,itsnumpty,2
dcunited001,AnubhavPabby,4
dcunited001,btbishop93,4
dcunited001,matasuge200,4
dcunited001,Zalmez,2
dcunited001,AndriyBarskyi,2
dcunited001,Ryaja2,6
dcunited001,robertobarreda,2
dcunited001,RodriMora,6
dcunited001,matheorism,12
ddVital,xElkomy,2
ddVital,nns2009,2
deanpcmad,opswole,2
deanpcmad,ghost,2
deanpcmad,f6198874,6
deas,curtisspendlove,6
deas,zaneschepke,2
deas,jonashan,2
deas,snek,2
deas,danfascia,2
dec05eba,Shankar-1212,2
dec05eba,PinheiroCosta,4
dec05eba,ryrobes,4
dec05eba,jpow18,2
decarlec,ryanrhughes,2
deepu7d,rafa-alves6,6
defer,PhilIsHere,2
defer,sa-dd,2
defer,eugenialoli,2
defer,ochowie,2
defer,Xkonti,2
denisu14,mitalia,4
derluke,Matt-Ord,6
derromiti,hipsterusername,2
derromiti,637ms,2
designorant,Reflux0301,2
dev-ezraa,halilozercan,4
devbrsa,Akash1000x,2
devbrsa,zxcfilatov,2
devbrsa,Mane-Pal,2
devferrazZz,nilszeilon,2
devius,XNinety9,2
devndevs,sifenfisaha,2
devzeth,ElBrodino,6
dewnuwan7,maxdmayhew,2
dexterhere04,jandrusk,2
dharmavagabond,anshul12ra,4
dharmavagabond,apurbapokharel,2
dharmavagabond,Davilonchi,4
dharmavagabond,m5lk3n,2
dharmavagabond,rsd,2
dharmavagabond,jankeesvw,2
dharmavagabond,tijoseymathew,2
dharmavagabond,Addibro,2
dharmavagabond,Luquatic,4
dharmavagabond,GiraffeCoding,4
dharmavagabond,ColtonIdle,2
dharmavagabond,taylortek91,2
dharmavagabond,erdostom,2
dharmavagabond,tmkn,4
dharmavagabond,MananDesai54,2
dharmavagabond,socket72,2
dharmavagabond,Yugabharathi21,2
dharmavagabond,bettinson,2
dharmavagabond,bcavaco,2
dharmavagabond,sbradl,2
dharmavagabond,Pintjebier,12
dharmavagabond,Acharab,2
dharmavagabond,shawnyeager,6
dharmavagabond,ryanburnette,2
dharmavagabond,Chase78712002,2
dharmavagabond,Kolczi,2
dharmavagabond,deanandreakis,2
dharmavagabond,Xhelliom,2
dharmavagabond,gangaasoonu,4
dharmavagabond,Matthew-act546,2
dharmavagabond,LongDorat,2
dharmavagabond,minh-cong,2
dharmavagabond,semakusut,2
dharmavagabond,ameeno,4
dharmavagabond,sashi12222,2
dharmavagabond,ashd90,2
dharmavagabond,AlwaysRead,2
dharmavagabond,opajanvv,2
dharmavagabond,sparky0520,2
dharmavagabond,Shankar-1212,2
dharmavagabond,fidelisakilan,2
dharmavagabond,SethARhodes,2
dharmavagabond,Michallote,2
dharmavagabond,mfornasa,2
dharmavagabond,maietta,2
dharmavagabond,ablluu,2
dharmavagabond,SoAp9035,2
dharmavagabond,Gowtz,2
dharmavagabond,markjfisher,2
dharmavagabond,SamRoehrich,2
dharmavagabond,MuhammedKpln,2
dharmavagabond,ElBrodino,2
dharmavagabond,kubos5,2
dharmavagabond,pelephant2,2
dharmavagabond,vitaliiorlov,2
dharmavagabond,RodriMora,2
dharmavagabond,SuspendTV,4
dharmavagabond,nightdevil00,2
dharmavagabond,zdehasek,2
dharmavagabond,BirajMainali,2
dharmavagabond,saeedvaziry,2
dharmavagabond,alvarikoke99,2
dharmavagabond,jandrusk,2
dharmavagabond,so-dawg,2
dharmavagabond,Carloswelliton,2
dharmavagabond,mir4zul,2
dharmavagabond,grimy192837465,2
dharmavagabond,dhh,6
dharmavagabond,d-cas,6
dhh,neheb,10
dhh,sleao,5
dhh,nightdevil00,10
dhh,siebertm,5
dhh,MislavPukljak,5
dhh,opajanvv,5
dhh,AdamMusa,13
dhh,mlombardi96,11
dhh,tionichm,3
dhh,nakul-krishnakumar,5
dhh,eososlinux,7
dhh,grimy192837465,5
dhh,Carloswelliton,5
dhh,evanh1393,5
dhh,tibbe,12
dhh,mikailbayram,5
dhh,Mayank-8127,5
dhh,budnik,6
dhh,Diing54,5
dhh,mir4zul,12
dhh,KrisKind75,3
dhh,fcmiranda,7
dhh,bombless,5
dhh,illangpasandre-prog,5
dhh,shelldandy,15
dhh,adam-zluva,3
dhh,czroth,3
dhh,MatyiFKBT,3
dhh,robzolkos,16
dhh,MidnightSlicer,8
dhh,liaobinbin,5
dhh,jandrusk,5
dhh,slinn-01,5
dhh,kromsam,58
dhh,y0no,3
dhh,BajaBlasta,5
dhh,brianblakely,15
dhh,AurelienBoland,10
dhh,saeedvaziry,6
dhh,zigmoo,5
dhh,patroza,3
dhh,revan1611,5
dhh,samanshirdel,10
dhh,BirajMainali,7
dhh,russell-davis,10
dhh,miharekar,24
dhh,artfwo,8
dhh,IrregularPersona,5
dhh,AhmedCharfeddine,5
dhh,morgoth,14
dhh,etmartinkazoo,5
dhh,killeik,12
dhh,innerviewer,6
dhh,ZeroSegFault,5
dhh,MBMarsell,5
dhh,olehrstm,5
dhh,avinashjoshi,5
dhh,zestfulmouse,5
dhh,Britnell,5
dhh,maromalo,3
dhh,ablzh,5
dhh,SoAp9035,5
dhh,SuspendTV,10
dhh,gyaaniguy,8
dhh,Rishabh-Sarang,23
dhh,osmansemir,5
dhh,williavs,5
dhh,ry10hu,5
dhh,bhood239,7
dhh,vander00,5
dhh,StorytellerCZ,5
dhh,ElBrodino,15
dhh,MrMarble,5
dhh,tirab,5
dhh,micahkepe,5
dhh,LomSeb,5
dhh,kubos5,5
dhh,lmello0,5
dhh,imvaskii,11
dhh,carlinhoshk,5
dhh,linux-brat,10
dhh,ryrobes,9
dhh,joshuafouch,8
dhh,infogulch,5
dhh,mmorri,20
dhh,MangelMaxime,7
dhh,LukasTrust,5
dhh,dcadenas,5
dhh,paul-fornage,24
dhh,MadMax-067,5
dhh,jwkicklighter,3
dhh,LinAnt,3
dhh,ranger-ross,5
dhh,ryanrhughes,474
dhh,ToniFeliudeC,3
dhh,mir-hussain,3
dhh,ardfard,5
dhh,NeimadTL,3
dhh,ctarx,19
dhh,JoaoPedro-cody,3
dhh,Luquatic,11
dhh,hirschnase,7
dhh,mghalix,5
dhh,Michallote,5
dhh,alexperreault,31
dhh,jschulenklopper,5
dhh,thehouseisonfire,5
dhh,opiero,5
dhh,manuel1618,42
dhh,Zxuus,7
dhh,zeinalsulaiman-cmyk,5
dhh,KaylonR,5
dhh,alex-305,7
dhh,pachuc,5
dhh,pedroadame,3
dhh,iamparmjeet,5
dhh,dxrkinfuser44,3
dhh,alexandersix,19
dhh,fcoelhomrc,5
dhh,pelephant2,29
dhh,SamrudhNelli,15
dhh,garovu,3
dhh,GyHUN95,8
dhh,ernanvr,5
dhh,glauberdmo,5
dhh,NicolasDorier,10
dhh,EstebanForge,5
dhh,phenomen,3
dhh,shahriyardx,5
dhh,theajmalrazaq,5
dhh,boozlbork,8
dhh,chrisroundhill,10
dhh,tahayvr,115
dhh,fldc,3
dhh,jzetterman,12
dhh,sedubois,3
dhh,Matt-Ord,9
dhh,TheAhumMaitra,10
dhh,mythz,3
dhh,ATeal,8
dhh,sgruendel,45
dhh,LabGuy94,7
dhh,Call911plz,10
dhh,brennancoslett,3
dhh,bscott,5
dhh,jimmypoulsen,7
dhh,timohubois,3
dhh,jondkinney,15
dhh,wiehann,10
dhh,Sittlon,5
dhh,julianZeitler,5
dhh,jb0gie,5
dhh,Riao9,5
dhh,hyprhex,55
dhh,baxtr,3
dhh,brink-lab,14
dhh,dakshesh14,7
dhh,brunoh3art,3
dhh,abenz1267,99
dhh,rafa-alves6,7
dhh,ayan-de,5
dhh,rthabett,11
dhh,Naelpuissant,5
dhh,nemoralis,5
dhh,vyrx-dev,41
dhh,davidbasilefilho,5
dhh,ablluu,3
dhh,hendrikb,3
dhh,QuarkOnRails,5
dhh,CantC0unt,6
dhh,rami-shalhoub,3
dhh,Rovetown,5
dhh,richecr,5
dhh,lukehsiao,21
dhh,tomasolsinar,3
dhh,FatalCatharsis,5
dhh,johannesnormannjensen,3
dhh,landsman,5
dhh,carljohanlandin,3
dhh,slamotte,3
dhh,nqst,21
dhh,defer,10
dhh,celsobenedetti,3
dhh,Paulie420,3
dhh,jelenv,7
dhh,PhilIsHere,10
dhh,d-cas,9
dhh,anime-in-the-world,6
dhh,ludagoo,19
dhh,victorbueno,5
dhh,giovantenne,3
dhh,mvaled,5
dhh,woopstar,25
dhh,oxidebits,5
dhh,tahaN415,5
dhh,sa-dd,3
dhh,samuelpecher,15
dhh,alexhraber,14
dhh,JustinMissmahl,14
dhh,vaqMAD,11
dhh,Sergiogd112,10
dhh,Gallardo7761,3
dhh,prathamngundikere,10
dhh,pkrzysiekk,9
dhh,jeffmancilla,3
dhh,dubu-heart,5
dhh,RushiChaganti,19
dhh,harshvsri,5
dhh,kvidaxl,5
dhh,vikramsingh117,5
dhh,View-my-Git-Lab-krafi,5
dhh,atcriteria,5
dhh,terrablue,5
dhh,AlwaysRead,5
dhh,andrepadez,7
dhh,zsolt-donca,5
dhh,gustavedenis,3
dhh,kshatriya-abhay,5
dhh,guirossibrum,5
dhh,gangaasoonu,12
dhh,cakePhone,20
dhh,w3ntry,3
dhh,d0ctr,7
dhh,RenzoRichter,5
dhh,IngridMorstrad,3
dhh,joaofelipegalvao,7
dhh,cluah,28
dhh,impost0r,5
dhh,matiasmoya,10
dhh,rsd,25
dhh,rafaelvzago,5
dhh,rajofearth,3
dhh,nicoestrada,13
dhh,YannickHerrero,5
dhh,ameeno,3
dhh,Woosah,8
dhh,WojtekMatula,5
dhh,e-minguez,5
dhh,CaffeinatedTech,11
dhh,kyedavey,3
dhh,Furyfree,11
dhh,devzeth,5
dhh,AlexZeitler,5
dhh,odnmalau,8
dhh,jmargeta,5
dhh,cristian-fleischer,5
dhh,phucisstupid,5
dhh,aislandener,3
dhh,thooams,11
dhh,eifr,56
dhh,pixincreate,5
dhh,ShrootBuck,5
dhh,0xMarius,5
dhh,Somnius,16
dhh,phantom-kali,5
dhh,iamobservable,8
dhh,j-c-m,7
dhh,meirdick,6
dhh,vladkhard,3
dhh,Shreyas-ITB,5
dhh,ptsmonteiro,10
dhh,adriandersen,5
dhh,wey-gu,5
dhh,scossar,5
dhh,sarrietav-dev,5
dhh,mirzap,5
dhh,matt-h,3
dhh,segusantos,5
dhh,tarekbecker,7
dhh,adelplace,5
dhh,Justikun,18
dhh,dharmavagabond,3
dhh,jardahrazdera,113
dhh,aquaspy,10
dhh,R1kaB3rN,5
dhh,skutaada,5
dhh,crqch,11
dhh,iqre8,5
dhh,justinhhorner,5
dhh,qasimsk20,3
dhh,kyleGrealis,3
dhh,vrinek,3
dhh,jmelahman,5
dhh,js,5
dhh,acrogenesis,10
dhh,Ladeby,3
dhh,wintermeyer,9
dhh,patcito,5
dhh,koenvaneijk,5
dhh,OmarSkalli,23
dhh,gkurts,22
dhh,Cammisuli,3
dhh,DoKoB0512,3
dhh,coolaj86,5
dhh,hjanuschka,36
dhh,ahowardm,5
dhh,euandeas,5
dhh,dhiman1675,5
dhh,spdawson,29
dhh,MananDesai54,10
dhh,codewhizz,6
dhh,5kyguy,5
dhh,gustavokurtz,3
dhh,eyadsibai,5
dhh,c4software,99
dhh,bjarneo,16
dhh,mykiwi,10
dhh,iccodes,51
dhh,james-darko,3
dhh,RedsonBr140,5
dhh,reza866,7
dhh,TAnomaly,7
dhh,BraisonCrece,7
dhh,tubaman,8
dhh,LeonardoTrapani,32
dhh,alexandru-calinoiu,3
dhh,ainslec,10
dhh,JaimeStill,5
dhh,tmkn,3
dhh,cassiozen,5
dhh,Rattlyy,5
dhh,Penguin-SAMA,5
dhh,matheorism,13
dhh,tuladhar,10
dhh,shveeram,5
dhh,rikkarth,5
dhh,FlameHorizon,5
dhh,adschem,5
dhh,sguergachi,5
dhh,kashifkhan,7
dhh,rosscondie,19
dhh,W4HO-ham,5
dhh,elpritchos,8
dhh,zachasme,15
dhh,phara0n,3
dhh,juanchomann,5
dhh,wkoszek,5
dhh,martinmose,18
dhh,tonimarmol,5
dhh,eddiedale,5
dhh,kristofer,7
dhh,pipetogrep,51
dhh,kmos,3
dhh,MK-Mike,5
dhh,fowlie,5
dhh,voody77,5
dhh,nkasco,32
dhh,wleme,5
dhh,LeoPazEs,7
dhh,axelfontaine,31
dhh,guilhermetk,37
dhh,arcbjorn,11
dhh,MichaelTeeuw,3
dhh,HadiRJ-web,5
dhh,mihailo-obradovic,7
dhh,aliismayilov,3
dhh,fisika1729,11
dhh,wrex,7
dhh,keyfer,3
dhh,D-Pagey,10
dhh,taylortek91,5
dhh,PavelAlennikov,5
dhh,andresatierf,7
dhh,iamsameerpaudel,3
dhh,rez1coder,16
dhh,mxraw,5
dhh,sxl613,5
dhh,0xK1K3,20
dhh,zaneschepke,24
dhh,phush0,5
dhh,manuelgdlvh,3
dhh,mgbaron,3
dhh,dz0ny,5
dhh,pinionless,5
dhh,ColtonIdle,65
dhh,guidovicino,7
dhh,system4app,5
dhh,Esteban-Bermudez,3
dhh,jankeesvw,11
dhh,dhoppe,5
dhh,arafays,3
dhh,the-name-romel,7
dhh,blazskufca,13
dhh,bftanase,8
dhh,keithhubner,5
dhh,SOBANEJAZ,5
dhh,hegjon,5
dhh,GiraffeCoding,5
dhh,keydmitrij,3
dhh,ollymarkey,3
dhh,JordanAnthonyKing,23
dhh,roberto-aguilar,19
dhh,jonwsoto,5
dhh,fabean,10
dhh,putueddy,5
dhh,nonetrix,10
dhh,tijoseymathew,5
dhh,CobyPowers,5
dhh,d4vsanchez,5
dhh,geolaw,10
dhh,arni1981,7
dhh,ncr,3
dhh,jheuing,3
dhh,Krymancer,5
dhh,mroboff,17
dhh,eclecticc,15
dhh,Coding4Hours,3
dhh,JaberChowdhury,5
dhh,p134c0d3,5
dhh,nuelle16,9
dhh,kmf,3
dhh,fazzledev,5
dhh,Gazler,30
dhh,Atrena,5
dhh,omygolly,5
dhh,SpaceByBlank,5
dhh,marksmithsgit,7
dhh,Prajwal-Prathiksh,5
dhh,djmiky43,5
dhh,nicfit,9
dhh,ecvijil,5
dhh,black-adm,5
dhh,chantastic,3
dhh,kodnin,16
dhh,inffy,10
dhh,joelgaff,7
dhh,ankurkotwal,15
dhh,TomRaaff,7
dhh,guruswarupa,3
dhh,fitzzz,3
dhh,davide-ferrara,10
dhh,andrewjanssen,10
dhh,ramlev,3
dhh,rantnar,11
dhh,motaz-shokry,7
dhh,DanielApt,3
dhh,melonamin,33
dhh,rickdotnet,3
dhh,gasper008,3
dhh,jjeffrin,3
dhh,SardonicSystems,3
dhh,cossssmin,3
dhh,gjoedvad,5
dhh,naxels,7
dhh,tillebacon,5
dhh,ahmedalhulaibi,5
dhh,mouseoi9,5
dhh,NLedge,11
dhh,jfernandez,5
dhh,noxidsoft,10
dhh,zaborowskimichal,18
dhh,fpigeonjr,5
dhh,Sicherheit007,3
dhh,emourad,21
dhh,Danmoreng,5
dhh,blakeshall,14
dhh,iislamgom3a,3
dhh,bastnic,3
dhh,nemuiyarou,5
dhh,oppegard,8
dhh,m5lk3n,5
dhh,g-hartmann-kanguro,3
dhh,agxb001,5
dhh,cstrickjacke,3
dhh,ljbuza,5
dhh,ichts,5
dhh,KalisterOS,5
dhh,rodrigotoledo,7
dhh,afoster,5
dhh,Ptark,5
dhh,jamerrq,10
dhh,golgor,5
dhh,apurbapokharel,3
dhh,mrjoedang,3
dhh,ironicbadger,13
dhh,thehale,5
dhh,rajayonin,8
dhh,h14h,5
dhh,adamavenir,7
dhh,szcharlesji,3
dhh,Humam-Hamdan,5
dhh,BarnardCollier,5
dhh,Davilonchi,3
dhh,shubham-mamodiya,13
dhh,kylebragger,5
dhh,vlofgren,24
dhh,muhlinux,9
dhh,neurotroph,7
dhh,jonbloor,9
dhh,hipsterusername,10
dhh,meerzulee,13
dhh,WToa,3
dhh,marcinczenko,25
dhh,ProPatte,5
dhh,AdiY00,24
dhh,joshleblanc,10
dhh,ilyasovd,3
dhh,jopesh,5
dhh,Beanyy,5
dhh,ramtinJ95,9
dhh,NikoFresh,5
dhh,manofcolombia,6
dhh,Serster,5
dhh,bzierk,7
dhh,dwaynebradley,5
dhh,benWindsorCode,3
dhh,pmercatoris,7
dhh,TheFocusDevHUN,5
dhh,shawnyeager,23
dhh,nbw,3
dhh,lakwey,5
dhh,Kasui92,3
dhh,Mr-Sunglasses,10
dhh,tom-jagus,5
dhh,crbelaus,3
dhh,remshams,8
dhh,Pintjebier,7
dhh,mattlanham,5
dhh,ashutoshbw,8
dhh,andnig,6
dhh,Quirinus,5
dhh,rmacklin,32
dhh,Sameer292,10
dhh,kaankeskin,5
dhh,matiacone,7
dhh,jasonish,5
dhh,taylorminton,13
dhh,eamonburns,3
dhh,adamritter,5
dhh,ludo237,32
dhh,chriopter,53
dhh,lentra0,30
dhh,boydbloemsma,5
dhh,nikkos,10
dhh,bitclaw,7
dhh,valbertoenoc,10
dhh,somerocketeer,5
dhh,vaibhav-mattoo,8
dhh,w84death,5
dhh,qdev0,12
dhh,gigq,5
dhh,med502,35
dhh,Ashur-D,5
dhh,637ms,5
dhh,mazdak,10
dhh,dylanbr,34
dhh,Nico-Mayer,5
dhh,ariejan,5
dhh,donovan-duplessis,7
dhh,pilgren,7
dhh,sudohades,5
dhh,v-oleg,5
dhh,JamesShelley,12
dhh,flegoff,7
dhh,jroes,5
dhh,ginohey,5
dhh,sspaeti,32
dhh,jonnyace,3
dhh,jamesmcm,10
dhh,michaldziurowski,6
dhh,f6198874,17
dhh,swombat,5
dhh,tsolak9,5
dhh,minatsilvester,5
dhh,MikeVeerman,7
dhh,logannc,20
dhh,Rnedlose,9
dhh,sailoz,85
dhh,Chris24680,5
dhh,kataqatsi,3
dhh,ttmachado,10
dhh,v22-dot,5
dhh,ImToon,7
dhh,knappkevin,5
dhh,lestex,3
dhh,goslynn,3
dhh,halilozercan,7
dhh,ChristerNilsson,29
dhh,lsc,3
dhh,alexx-avdeev,10
dhh,djschnei21,3
dhh,mah3uz,5
dhh,kevinmcconnell,5
dhh,anshul12ra,11
dhh,pikdum,5
dhh,iandol,5
dhh,mitchdenny,5
dhh,code-sketcher,5
dhh,soubky0,5
dhh,luigig44,10
dhh,thrillho93,5
dhh,Doc-4,3
dhh,darcy,11
dhh,trly,5
dhh,RolfKoenders,11
dhh,elijahimmer,5
dhh,clauzf,8
dhh,thomu5000,7
dhh,bragmore,8
dhh,carabistouflette,8
dhh,RaphaelKimmig,36
dhh,v3rtx,3
dhh,gthelding,15
dhh,domingo2000,3
dhh,AzlanEh,5
dhh,RexsyBima,5
dhh,peregrinus879,5
dhh,aelhady03,7
dhh,RodriMora,22
dhh,bcye,5
dhh,bigint,5
dhh,PranavKumar9529desai,3
dhh,samgurung,5
dhh,maxguzenski,30
dhh,c0mpile,9
dhh,mabq,10
dhh,tobiasz-p,17
dhh,danfascia,30
dhh,Veltair-D,15
dhh,r3ap3r2004,3
dhh,Swarnim114,19
dhh,EhsanulHaqueSiam,17
dhh,not-NEK0,8
dhh,nik-securemeasure,15
dhh,dvalnn,5
dhh,johanneserhardt,5
dhh,fhammerschmidt,6
dhh,milolethbridge,3
dhh,alansikora,50
dhh,timmo001,5
dhh,eugenialoli,5
dhh,taq,5
dhh,reshadman,3
dhh,rigo3t,3
dhh,rafaelbernard,10
dhh,jmutawa,5
dhh,SDCVO,9
dhh,BrouZie,5
dhh,daltonbr,5
dhh,muinmomin,5
dhh,devmobasa,3
dhh,ghost,60
dhh,PhaedrusFlow,5
dhh,ih8d8,5
dhh,haroldg3,5
dhh,sattary,5
dhh,abdellahrk,9
dhh,Macho0x,3
dhh,florianbeer,15
dhh,olavlinddam,3
dhh,githubpoet,10
dhh,ericrswanny,3
dhh,sunbyte,3
dhh,JavierBertolino,10
dhh,parolkar,5
dhh,capatina,3
dhh,richvote,5
dhh,ncrmro,5
dhh,catlee,5
dhh,cornle,5
dhh,leonhazen,19
dhh,bagguettiesonmywrist,7
dhh,curtisspendlove,15
dhh,riegojerey,18
dhh,neilsmith,5
dhh,JJDizz1L,5
dhh,gyllen,3
dhh,havard-vold,3
dhh,pastr,3
dhh,pushcx,5
dhh,Jabuk,5
dhh,ethanolivertroy,5
dhh,shayne,13
dhh,xadcv,3
dhh,SatoriSec,12
dhh,JaxonWright,65
dhh,weierfischen,10
dhh,k3rn31,9
dhh,mmsbrggr,5
dhh,DavidHoenisch,3
dhh,GiovanniSchiavo,5
dhh,folone,5
dhh,lordhgk,5
dhh,Luxian,5
dhh,jkthorne,10
dhh,ArchGalileu,7
dhh,erik-brueggemann,11
dhh,precision,12
dhh,danielnolan,6
dhh,Jairisen,5
dhh,l0gicgate,5
dhh,Mohamedsayhii,28
dhh,njkevlani,5
dhh,cannikin,14
dhh,chris-mulvi-data,7
dhh,ardavis,33
dhh,marlonmarcello,12
dhh,toni-ds,7
dhh,madcatone,5
dhh,wesleycole,5
dhh,gal064,5
dhh,xulfm,5
dhh,sobran,3
dhh,Serendeep,14
dhh,seanmitchell,6
dhh,SYKwong,5
dhh,aifrim,22
dhh,saullrb,32
dhh,rossvz,9
dhh,Xarianne,5
dhh,7acini,5
dhh,edanidzerda,5
dhh,anagrius,22
dhh,ssimk0,5
dhh,apdingman,5
dhh,ryanyogan,42
dhh,jirpok,12
dhh,benhoman,5
dhh,al3rez,63
dhh,galihwicaksono90,5
dhh,ItIsCiprian,10
dhh,mtk3d,8
dhh,bastos,13
dhh,mitsuhiko,22
dhh,lypanov,5
dhh,zxrovx,5
dhh,tomaslucas,5
dhh,adaryorg,14
dhh,ElFitaFlores,5
dhh,drewhamlett,12
dhh,brielov,5
dhh,npenza,76
dhh,BANG88,7
dhh,thakur-abhijeet,8
dhh,sjug,5
dhh,jonashan,14
dhh,leouofa,5
dhh,mjossany,5
dhh,rockorager,19
dhh,jhosdev,5
dhh,jeremytregunna,3
dhh,t0gun,8
dhh,Shaps,3
dhh,mrtnin,9
dhh,HalanoSiblee,5
dhh,Zooce,7
dhh,reorr,5
dhh,abradburne,14
dhh,deanpcmad,3
dhh,icehunt,14
dhh,nullndr,12
dhh,Awais-Sajid-119,5
dhh,ahmetkca,3
dhh,hsyed,5
dhh,startupfoundry,7
dhh,kieeps,3
dhh,DrInfinite,10
dhh,apiguy,10
dhh,deas,5
dhh,tanshkoul,5
dhh,genebean,3
dhh,BigMitchGit,9
dhh,Mane-Pal,5
dhh,anoldguy,18
dhh,lajjne,5
dhh,prabhchintan,5
dhh,wriver0s,5
dhh,joonjeong,5
dhh,smola,6
dhh,phanirithvij,5
dhh,ghuntley,9
dhh,bbondier,5
dhh,da-maltsev,3
dhh,opswole,18
dhh,okdas,5
dhh,olgkv,3
dhh,varo6,5
dhh,ThiaudioTT,10
dhh,busybox11,9
dhh,rnadler,5
dhh,fabricioanciaes,5
dhh,zdehasek,5
dhh,caiogouveia,5
dhh,martinstork,10
dhh,henrysipp,23
dhh,Arash-Afshar,5
dhh,ehutzelman,5
dhh,oca159,7
dhh,calvinludwig,5
dhh,sjsrey,5
dhh,prertik,14
dhh,yacmeno,3
dhh,mheisig,10
dhh,iharsuvorau,3
dhh,itsnumpty,9
dhh,justbispo,5
dhh,0xProt,8
dhh,brentdodell,7
dhh,harilvfs,3
dhh,ylluminate,5
dhh,d4n3sh,5
dhh,Kn0ax,55
dhh,davidgasquez,9
dhh,kennethgeerts,3
dhh,nicholaschiang,3
dhh,Antse,9
dhh,LeAlencar,15
dhh,diegopluna,4
dhh,gregmolnar,4
dhh,CWood-sdf,6
dhh,Merovex,8
dhh,endrebak,2
dhh,JoshuaEngland,2
dhh,cpuccino,2
dhh,SimonGuldager,2
dhh,nilszeilon,68
dhh,bvdwalt,2
dhh,thalysguimaraes,2
dhh,blackmou5e,2
dhh,grumpydumpty,2
dhh,inhesrom,2
dhh,rCirelli,10
dhh,wilfredom,2
dhh,matsonj,4
dhh,ajmAAid,4
dhh,dotsilva,4
dhh,linux-fertxo,2
dhh,cyppe,6
dhh,davidwinter,2
dhh,MentalGear,4
dhh,TomSchimana,2
dhh,negoro26,2
dhh,nmeylan,2
dhh,ddevault,2
dhh,rubas,2
dhh,flaviolivolsi,10
dhh,ericjim,26
dhh,ocewers,4
dhh,Tatuck,2
dhh,sashi12222,2
dhh,JAMSHEDD2,4
dhh,cevdetta,4
dhh,jpow18,4
dhh,victoralensai,4
dhh,satyapraneet63,2
dhh,APS6,4
dhh,0xRichardH,2
dhh,defaultdino,4
dhh,AiHKhaled,4
dhh,fabiokr,4
dhh,BenMerSci,2
dhh,capyfara,2
dhh,bpidperygora,2
dhh,wolfgangw,2
dhh,trevorputbrese,2
dhh,Dan-Kingsley,2
dhh,cairin,2
dhh,yapus,2
dhh,shawntz,2
dhh,HowieDuhzit,2
dhh,azeemsher788,2
dhh,qollin,2
dhh,marioidival,2
dhh,a-sologub,4
dhh,rmusaev99,2
dhh,pgmdpfcon,2
dhh,SytexMC,2
dhh,parnoldx,6
dhh,sepulworld,6
dhh,johntheyoung,6
dhh,h4636oh,18
dhoppe,jonwsoto,2
diegopluna,dhh,2
diet-cola-pls,dl-alexandre,2
digitalextremist,naxels,2
digitaltrails,mfornasa,2
dimas-cyriaco,rCirelli,2
dimus,alpiua,2
dinvlad,nilszeilon,4
dinvlad,ironicbadger,2
dinvlad,joshleblanc,2
diogomgbrito,nicolaric,2
diogonapoles,guilhermetk,4
diogoodev,hyprhex,4
diverseFPT,maxdmayhew,2
dkeysil,pilgren,4
doc-E-brown,davidwinter,2
doctorguile,acrogenesis,2
dodosack,odnmalau,2
domingo2000,Luxian,4
dommmel,ChristerNilsson,2
donovan-duplessis,EhsanulHaqueSiam,2
donpurr,Shankar-1212,2
donwalassjgod,guruswarupa,2
douglascamata,ElFitaFlores,2
douglascamata,jonashan,2
douglascamata,spdawson,4
douglascamata,dhh,2
douglascamata,guilhermetk,4
douglascamata,ryanyogan,36
douglascamata,tahayvr,6
dpan,itsnumpty,6
dpeckham,denisu14,4
dpointeck,nemoralis,2
dpshade,syabro,6
dradrien,zaborowskimichal,2
dradrien,coolaj86,2
dradrien,Manujdixit,2
dradrien,ddevault,4
dragonovs,AnubhavPabby,4
dragonovs,Kurizek27,2
drbyronw,Roman-Weisman,2
drewhamlett,dhh,2
dreyacosta,halilozercan,8
drlucaa,nilszeilon,2
dsebastien,sjug,2
dsimonow,Rakura-cloud,2
dubsgordon,GiraffeCoding,2
dukuo,Roman-Weisman,8
duncanmapes,socket72,2
dustenhubbard,blakeshall,2
dvrnt,HassanSattar3,2
dwilliam62,Veltair-D,22
dxb-super,Kurizek27,2
dylanbr,Doc-4,2
dylantf,opajanvv,2
dyoung522,kromsam,6
dz0ny,ElBrodino,2
dz0ny,matasuge200,2
dz0ny,halilozercan,2
eclecticc,aifrim,2
eclecticc,eifr,2
eclecticc,CWood-sdf,2
eclecticc,ColtonIdle,2
ecvijil,gasper008,2
eddieedease,gaudi369,2
edimoldovan,jkc-2,4
edmondso006,al3rez,2
eduardoborges,helioascorreia,2
eduardocorral,Luquatic,4
eerison,Mayank-8127,2
efecege,TheYoxy,2
ehutzelman,Kn0ax,4
ehutzelman,BigMitchGit,4
ehutzelman,itsnumpty,2
einarthegolden,kernel0verflow,2
ekhall,nkasco,2
elpritchos,dhh,2
emmetdel,grumpydumpty,2
emourad,rigo3t,2
emourad,putueddy,2
emourad,the-name-romel,2
emourad,kromsam,2
emourad,qasimsk20,4
emourad,Luquatic,2
emourad,4A616D6573,2
eno88,illangpasandre-prog,2
enzops,wintermeyer,2
equivalent,crazed-developer,8
equivalent,paul-fornage,2
erdnuesse,Tatuck,2
erdostom,EhsanulHaqueSiam,2
ericjim,syabro,2
ericrswanny,Veltair-D,2
erik-brueggemann,pymmog,2
erik-brueggemann,cornle,2
erik-brueggemann,ameeno,2
erzz,nunix,2
esencia,milolethbridge,2
etanshaul,muhlinux,2
ethandpowers,ryrobes,2
ethangamma24,nmonev,2
ethantang93,itsnumpty,2
ethantang93,kira-coding,2
etoromol,trevorputbrese,4
euandeas,jardahrazdera,4
eugenialoli,Dynasty8614,2
eugenialoli,defer,6
evanh1393,halilozercan,2
evilmastermind,adecora,2
evilmastermind,mir4zul,2
evrial,sailoz,2
eyadsibai,codewhizz,2
f4n4t,duke13137,6
f6198874,nik-securemeasure,2
fabean,ddevault,2
faid0n,mtalha-codes,2
fals,roberto-aguilar,2
famendes85,tekumara,2
farangkao,KrisKind75,4
farens,rparrapy,2
fatihprofil,ochowie,2
fazzledev,jheuing,6
fbreuer,nunix,2
fcmiranda,mir4zul,2
fcmiranda,ryanrhughes,2
fcmiranda,jheuing,2
feliblo,socket72,4
felipe-linares,pmercatoris,6
felipecsl,Ratko-Solaja,4
felixzsh,fisika1729,2
felixzsh,rparrapy,2
felixzsh,vander00,2
fernandoaleman,socket72,2
ferranbonas,benWindsorCode,2
ferrao,hyprhex,6
ferrao,Manujdixit,2
ferrao,KunalGautam,2
ferrao,bcavaco,2
ferrao,amwilliams42,2
fesper-s,Luquatic,2
fezaitsme,Bekkenes,2
fgasperino,geolaw,2
fiffeek,ryanrhughes,2
fijiaaron,muhlinux,2
fil2fr,wleme,2
filipebraida,nik-securemeasure,2
fishkingsin,jondkinney,4
fisika1729,ColtonIdle,16
fisika1729,GiraffeCoding,2
fisika1729,wavic,4
fisika1729,kmos,4
fisika1729,bjabot12,4
fisika1729,abuturabofficial,4
fisika1729,fidelisakilan,2
fisika1729,koepalex,2
fisika1729,gray-adeyi,2
fisika1729,Roilan,4
fisika1729,denisu14,8
fisika1729,BaselCS,2
fisika1729,devsujalpatel,2
fisika1729,kaizakin,2
fisika1729,feliblo,4
fisika1729,yapus,4
fisika1729,kromsam,2
fitzzz,Tatuck,2
fjcrujeiras,seanpk,2
flavorjones,jardahrazdera,2
flavorjones,samuelpecher,2
flavorjones,Matt-Ord,2
flavorjones,helioascorreia,2
fldc,rajofearth,2
flitzcore,parsamrrelax,2
florisvdg,ryanrhughes,2
flozano,joelgaff,18
flozero,ryanrhughes,2
folken718,guirossibrum,2
fordaman,Luquatic,2
fordaman,TobbEEEEH,4
fowlie,havard-vold,2
fowlie,ChristerNilsson,2
fowlie,rafaelbernard,2
fowlie,hyprhex,2
fowlie,axelfontaine,2
fowlie,Nueny,2
fowlie,sircode,6
fpigeonjr,hyprhex,2
fpigeonjr,rsd,2
fpigeonjr,m5lk3n,2
fpigeonjr,Justikun,2
fpigeonjr,gkurts,2
fpigeonjr,ElBrodino,2
frasergr,vlofgren,2
frasergr,ryanrhughes,2
fredrik,maxdmayhew,2
frob,naxels,2
fsebiufsweijnohfew,ddevault,2
fstleo,ayan-de,2
fujingjunben,ashutoshbw,2
fumita,nkasco,2
fzzzz1,Luquatic,4
fzzzz1,mir4zul,2
g-hartmann-kanguro,brasilikum,2
g012,crestanigui,4
g012,gammons,2
g43l3n,defaultdino,2
gab3-dev,Abdirrahman,2
gabriel-curtino,mfornasa,2
gabrielfranh,pelephant2,4
gal-checksum,c4software,2
gamebox,nkasco,4
gamendez98,mlabbe,2
ganeshksp,wavic,2
gangaasoonu,fabiokr,4
gangaasoonu,nemoralis,4
gangaasoonu,CantC0unt,2
gangaasoonu,bhood239,2
gangaasoonu,Shankar-1212,2
gangaasoonu,defaultdino,4
gangaasoonu,brink-lab,2
gargar165,imyarto,6
garovu,nmonev,2
garrlker,jirpok,2
garymc,fpigeonjr,2
gbfonseca,Luquatic,4
gbk-tech,h14h,2
gcarrep,nkasco,2
gcavanunez,SamuelCam14,2
geass94,curtisspendlove,4
geclos,emourad,2
geiman,sspaeti,2
geldot,dhh,2
geldot,ablluu,2
geoffgarside,acrogenesis,2
geoweir,y0no,2
gerardroche,wltechblog,2
gerdint,mtalha-codes,8
gevera,hyprhex,2
ghost,dhh,4
ghost,Zooce,2
ghost,gregmolnar,2
ghost,ih8d8,4
ghost,sailoz,6
ghost,jzetterman,6
ghost,eugenialoli,2
ghost,nik-securemeasure,2
ghost,rikkarth,4
ghost,emourad,6
ghost,oxidebits,6
ghost,mathieucollet,4
ghost,tomasnorre,4
ghost,Else00,2
ghost,NiWe03,2
ghostdogs-Alan,hyprhex,2
gianmeg,LeAlencar,6
gianmeg,coolaj86,4
gigq,sliceking,2
gjoedvad,v3rtx,12
gkurts,geoffsimp,2
gkurts,bjabot12,2
gkurts,paul-fornage,2
gkurts,LucaNerlich,6
gkurts,sgruendel,2
gladstomych-jumpsec,zigmoo,4
glauberdmo,peregrinus879,2
glaucomonteiro,ddevault,2
glennlagasse,jardahrazdera,16
golgor,acrogenesis,2
golgor,vlofgren,2
golgor,g1sbi,2
gotar,riegojerey,2
gothe92,bragmore,2
gpakosz,jpumfrey,4
graetz23,RodriMora,2
grandixximo,ryanrhughes,4
gravewhisper,JaxonWright,2
grealish,iandol,2
gregg-cbs,LeAlencar,2
gregg-cbs,Luquatic,2
gregg-cbs,vitaliiorlov,2
gregid,battlej07,8
gregid,sgruendel,2
grimkraut,zaneschepke,2
grimkraut,michaelhazan,4
grin,joelgaff,10
grizzlychair,babu-fr1k,2
gsedory99,evanh1393,2
gthelding,scossar,12
gthelding,iagocc,2
gthelding,nik-securemeasure,8
gthelding,dhh,2
gthelding,precision,4
guasam,TobbEEEEH,2
gugahoi,JonathanRiche,2
guilhermetk,ahmetkca,2
guilhermetk,dhh,2
guilhermetk,githubpoet,2
guilhermetk,SatoriSec,4
guilhermetk,mrtnin,2
guilhermetk,chriopter,2
guilhermetk,lentra0,2
guilhermetk,m5lk3n,2
guilhermetk,vyrx-dev,6
guilhermetk,eclecticc,4
guilhermetk,joaomendoncaa,2
guilhermetk,black-adm,2
guilhermetk,indahud,2
guilhermetk,gasper008,2
guilhermetk,voody77,2
guilhermetk,rblalock,2
guilhermetk,cyppe,2
guilhermetk,c4software,2
guilhermetk,harshvsri,2
guilhermetk,tahaN415,4
guilhermetk,Roman-Weisman,2
guilhermetk,dheerapat,2
guirossibrum,goomba27,2
guirossibrum,mmsbrggr,6
guirossibrum,Salt-555,2
gusdemayo,c4software,2
gusinacio,jondkinney,2
gustabot42,jkc-2,4
gverbist,sedubois,2
gxaurab,ElBrodino,2
gyaaniguy,naxels,2
gyaaniguy,abuturabofficial,4
gyaaniguy,ainslec,2
gyaaniguy,xulqarnaen,2
gyaaniguy,Rnedlose,2
gyaaniguy,fcoelhomrc,2
gyaaniguy,colutti,2
h14h,Abdirrahman,4
h14h,victorbueno,2
halo,npenza,2
hamidriaz1998,melonamin,6
hannes,matsonj,2
haoqixu,bruceunx,2
haoqixu,COOLHax0r1337,2
harishkarthiktk,Canatulee,2
haroon-m,SatoriSec,2
harpreetchima,nik-securemeasure,4
harshvsri,himanshu0805,2
harshvsri,jsimonrichard,2
harshvsri,jarvis1704,2
hassandevelops,guruswarupa,2
havheg,kanishkdudeja,2
hayjoh,axelfontaine,2
hazagrande,RodriMora,2
hcabel,thooams,6
hegjon,havard-vold,2
hegjon,axelfontaine,2
hegjon,cakePhone,2
hegjon,eifr,12
heheda123123,ankur3-101106,4
helpnoob,TobbEEEEH,2
hendrikb,xianlin,6
henriquebremenkanp,Tatuck,2
henry-cecil,wavic,2
herboh,tcurdt,2
herboh,Shastryji,2
herboh,tjcwilk,2
hffmnn,michaelshmitty,2
hfvmarques,eugenialoli,2
hipsterusername,dhh,4
hipsterusername,melonamin,2
histfak,PhilIsHere,2
hjanuschka,opswole,8
hjanuschka,jankeesvw,22
hjanuschka,JordanAnthonyKing,10
hjanuschka,erik-brueggemann,10
hjanuschka,Tatuck,14
hjanuschka,kubos5,6
hjanuschka,TobbEEEEH,4
hjanuschka,shahriyardx,6
hjanuschka,RodriMora,4
hjanuschka,bcavaco,2
hjanuschka,rogeriopvl,2
hjanuschka,CantC0unt,2
hjanuschka,ryanrhughes,4
hjanuschka,Shankar-1212,2
hoblin,opswole,2
hoblin,davidgasquez,2
hoblin,satyapraneet63,2
hoclun-rigsep,Veltair-D,4
hskadoosh,GiraffeCoding,2
huNt-FMJ,zigmoo,2
hvaldecantos,GuzmanMD,2
hyprhex,jirpok,2
hyprhex,adamavenir,2
hyprhex,ColtonIdle,2
hyprhex,kromsam,2
hyprhex,vinibortoletto,2
hyprhex,JaberChowdhury,4
hyprhex,Coding4Hours,4
i-am-mike-davis,atorrez007,2
iPrime,richvote,2
iainsimmons,nmonev,2
iamabdulaziz100,bjarneo,2
iamenderst,nkasco,2
iamobservable,amanat361,4
iamobservable,Chase78712002,2
iamobservable,colutti,4
iamobservable,goomba27,2
iamobservable,flaviolivolsi,4
iamobservable,davidbasilefilho,2
iamobservable,jimd0t,2
iamobservable,rplankenhorn,4
iamobservable,adamavenir,8
iamobservable,parsamrrelax,4
iamobservable,jondkinney,4
iamparmjeet,curtisspendlove,2
iamsherman1234,tjcwilk,2
iandol,g-hartmann-kanguro,2
iantriggs,jzetterman,2
iccodes,gjoedvad,2
icehunt,LeAlencar,14
icehunt,Kn0ax,6
icehunt,benWindsorCode,2
icehunt,apostaat,2
ih8d8,Tatuck,2
ilgianlu,deanandreakis,2
ilya-khadykin,maxdmayhew,2
imanubdesigner,nkasco,12
imdoingsomething,Grawave,2
imvaskii,ryrobes,2
inad9300,paul-fornage,4
incon,ryanrhughes,2
incon,zaneschepke,6
incon,dhh,2
incon,ColtonIdle,2
incon,nik-securemeasure,2
indiancoderjeet,saeedvaziry,2
inffy,dhh,2
inffy,eugenialoli,2
inffy,Awais-Sajid-119,4
inffy,med502,2
inffy,snek,2
inffy,mabq,4
inffy,danfascia,4
inffy,PranavKumar9529desai,2
inffy,samgurung,2
inffy,adaryorg,2
inffy,COOLHax0r1337,2
inffy,mrtnin,4
inffy,tmohn,2
inffy,shawnyeager,2
inffy,OmarSkalli,2
inffy,Luxian,4
inffy,Luquatic,4
inffy,bragmore,4
inffy,djschnei21,2
inffy,anshul12ra,6
inffy,ChristerNilsson,10
inffy,knappkevin,2
inffy,lestex,2
inffy,Rnedlose,2
inffy,Rishabh-Sarang,2
inffy,peregrinus879,2
inffy,EhsanulHaqueSiam,2
inffy,vaibhav-mattoo,2
inffy,chriopter,2
inffy,bryan-thompsoncodes,2
inffy,ironicbadger,6
inffy,apurbapokharel,2
inffy,Roman-Weisman,2
inffy,jjeffrin,2
inffy,flx-04,2
inffy,rsd,2
inffy,indahud,6
iotricity,mmsbrggr,2
iphils,kjamal-hub,2
ipmanlk,naxels,2
ipmanlk,MrJack91,2
ironicbadger,Roman-Weisman,2
ironicbadger,grumpydumpty,2
israelfaria,xElkomy,2
ist14k,FlameHorizon,2
itspers,Hitesh01839,2
ituri,dhh,2
j13y,lucasolima,4
j5onrf,dhh,2
j5onrf,davide-ferrara,2
jabaldoo,boognevatz,2
jadesro,rsd,4
jaggy,crazed-developer,6
jakecornet,eduardobatista,2
jakegibson,ryanrhughes,2
jakubhrstka,Kn0ax,2
jamerrq,pampa,2
jamerrq,dhh,2
jamesbellnet,fpigeonjr,4
jamesmcm,jroes,8
jamesmcm,zaborowskimichal,2
jamesmcm,mazdak,2
jamesmcm,saeedvaziry,2
jamesmcm,dhh,2
jamesmcm,jardahrazdera,2
jamesmcm,jasonish,2
jamesmcm,ilyasovd,2
jamesmcm,abenz1267,2
jamesmcm,kromsam,4
jamessimas,opswole,2
jamiekurtz,RodriMora,2
jammie-jelly,c4software,6
jankeesvw,MentalGear,6
jankeesvw,dhh,2
jankeesvw,rikkarth,6
jankeesvw,helioascorreia,6
jankeesvw,goodroot,2
jannemecek,opswole,2
janorga,RodriMora,2
jantytgat,JaxonWright,2
jantytgat,fpigeonjr,4
japetheape,sgruendel,2
jardahrazdera,jzetterman,2
jardahrazdera,ipmanlk,2
jardahrazdera,hyprhex,2
jardahrazdera,Veltair-D,6
jardahrazdera,clauzf,4
jardahrazdera,ColtonIdle,6
jardahrazdera,ChristerNilsson,2
jardahrazdera,sailoz,4
jardahrazdera,goslynn,2
jardahrazdera,Luquatic,12
jardahrazdera,Rnedlose,6
jardahrazdera,f6198874,2
jardahrazdera,nkasco,14
jardahrazdera,blackmou5e,6
jardahrazdera,vlofgren,4
jardahrazdera,emourad,2
jardahrazdera,SardonicSystems,2
jardahrazdera,rantnar,8
jardahrazdera,fitzzz,2
jardahrazdera,PavelAlennikov,2
jardahrazdera,aquaspy,4
jardahrazdera,arafays,2
jardahrazdera,blazskufca,2
jardahrazdera,kromsam,6
jaredjackson,thrillho93,2
jarlah,PhilIsHere,4
jarlah,DevBasem,12
jason-hobbs,jondkinney,2
jasondill,crazed-developer,2
javaded,bhood239,4
jb0gie,HowieDuhzit,2
jchonde,syabro,2
jdambron,bragmore,2
jdambron,jardahrazdera,2
jdambron,brink-lab,2
jdambron,nemoralis,2
jean-francois-labbe,balduinofernando,2
jebin2,itsnumpty,2
jediwarpraptor,vlofgren,2
jelenv,MrTrigger,2
jelenv,ryanrhughes,2
jelenv,danfascia,8
jelenv,minh-cong,4
jelenv,al3rez,2
jelenv,mrbende,2
jelenv,Shankar-1212,2
jelenv,jandrusk,2
jellydn,dylanbr,4
jeremy,cyppe,12
jesse-windebank,helioascorreia,2
jheuing,nicolaric,2
jheuing,NihalGuruprasad,2
jheuing,Call911plz,2
jheuing,kromsam,2
jheuing,bhood239,2
jheuing,HFaustt,2
jhosdev,ryanrhughes,2
jirpok,brielov,2
jjeffrin,DustinEwers,2
jjuel,itsmedardan,2
jkc-2,ghost,6
jkisor,nik-securemeasure,2
jkoestinger,cluah,2
jkoestinger,ryrobes,2
jkthorne,dhh,2
jleontidis,RomanoCodes,2
joaomendoncaa,abenz1267,4
joaoptpsa,defaultdino,2
joaosouzacoder,przemekmatsumoto,2
jocke-champ,ecvijil,2
joel-sgc,kromsam,8
joeldeteves,ebaerwald,2
joelgaff,adamavenir,10
joelgaff,e-minguez,4
joelgaff,crazed-developer,10
joeonit,eshedruf,2
johanns,helioascorreia,4
johnnuke-git,Luquatic,2
jon-munoz,mmsbrggr,2
jonashan,LeAlencar,4
jonathanpglick,RodriMora,2
jonbloor,ChristerNilsson,4
jondkinney,nilszeilon,12
jondkinney,ironicbadger,2
jondkinney,Dynasty8614,4
jondkinney,pmercatoris,2
jondkinney,ocewers,2
jonh-favo,itsnumpty,8
jonh-favo,nkasco,2
jopesh,Kn0ax,2
jorge-campo,jondkinney,6
jorgemanrubia,NicolasDorier,4
josephchigiz,prgmatic,2
joshlatte,GiraffeCoding,2
joshuafouch,kromsam,2
joshuafouch,data-davey,2
joshuafouch,imvaskii,2
joshuafouch,PrAnAvViNaYaKjAdHaV,2
joske,nilszeilon,2
joske,jondkinney,2
journalehsan,fabiokr,6
journalehsan,rsalas82,2
journalehsan,derluke,2
jpdombrowski,kromsam,6
jpdombrowski,abuturabofficial,4
jpdombrowski,davide-ferrara,2
jpmaciot-ui,baleygr-ofnir,2
jps83,amanat361,2
jpumfrey,crazed-developer,4
jrodriigues,DustinEwers,2
jschee,Roman-Weisman,2
jschulenklopper,deanandreakis,2
juanchomann,itsnumpty,2
juanjesus0714,AnubhavPabby,2
juanvillacortac,data-davey,2
jubiloso,zigmoo,10
jubiloso,RodriMora,2
just-wasted,Pintjebier,2
justauser-54,JosefAmbruz,4
justleska,Kurizek27,2
justpurv,huuaho,2
jvanbaarsen,dhh,2
jvanbaarsen,lucasolima,2
jwkicklighter,OmarSkalli,2
jwkicklighter,Luxian,6
jwkicklighter,dhh,2
jwlben11,XNinety9,14
jwlben11,nemoralis,2
jzetterman,rikkarth,2
jzimdars,trevorputbrese,10
jzimdars,Jan747,2
k0st1e,Romanhan,2
k3rn31,indahud,2
k3rn31,nkasco,4
kaedroho,g-hartmann-kanguro,2
kaloyanm,nmonev,2
kanishkdudeja,gasper008,4
kanishkdudeja,hyprhex,2
kanishkdudeja,zaneschepke,4
kanishkdudeja,djmiky43,2
kanishkdudeja,nkasco,2
kanishkdudeja,fisika1729,2
kappafon,d-cas,6
karstean,socket72,2
kashopi,zigmoo,4
kaycmendes,goomba27,2
kb,wavic,4
kbsali,KiskaLE,6
kdpuvvadi,valbertoenoc,4
keanehatescoding,dhh,4
keanehatescoding,rikkarth,2
keanehatescoding,matiacone,2
keanehatescoding,adamavenir,2
keanehatescoding,nilszeilon,2
kedare,acrogenesis,2
kennethgeerts,dhh,4
kennethgeerts,nullndr,2
kennethgeerts,Zooce,2
kennethgeerts,ElFitaFlores,2
kennethgeerts,alexx-avdeev,2
kenyonduan,szcharlesji,2
kernel0verflow,ahmed-zekry,2
kettleofketchup,chadbailey59,2
kevcube,Reflux0301,2
kevcube,patcito,2
kevinmcconnell,chriopter,2
kevinmcconnell,the-name-romel,2
kfnx,TayoJuang,2
khalido,bragmore,2
khanalpride,TobbEEEEH,2
khoi,smakrysopoulos,4
killeik,dhh,6
killeik,jvanbaarsen,2
killeik,ksalk,2
killeik,harshvsri,2
killeik,sspaeti,4
killeik,clwalker85,2
killeik,jsimonrichard,2
killeik,SolidDev,2
killeik,negoro26,2
killeik,SublimePeace,2
killeik,skoom21,2
killeik,sparky0520,2
killeik,ryanrhughes,2
killeik,devzeth,2
killeik,martinmose,6
kirtimaan-askin,prgmatic,4
kirtimaan-askin,henry-cecil,2
kjamal-hub,anime-in-the-world,4
kjamal-hub,JamesMConroy,2
kjamal-hub,rez1coder,2
kjruan,nmonev,2
kjvdven,c4software,4
kjvdven,ablzh,2
kk1694,LeAlencar,2
klajo,alcides,2
klausmeyer,denisgolius,4
kldeb,mir4zul,2
kleyv,mmsbrggr,2
kmckelvin,Kn0ax,2
kmf,landsman,2
kmf,ryanrhughes,2
kmf,skoom21,2
knothhe,illangpasandre-prog,4
kofiasare-dev,kromsam,2
koncinar,guruswarupa,2
kovidgoyal,ethanolivertroy,2
kr40,matheorism,6
krax0x,naxels,2
kristofer,ElBrodino,2
kroaton,Luquatic,6
kroaton,lavavex,2
kroaton,Shankar-1212,2
kromsam,cstrickjacke,2
kromsam,SamrudhNelli,16
kromsam,jardahrazdera,4
kromsam,dhh,2
kromsam,fisika1729,2
kromsam,pampa,2
kromsam,jkc-2,2
kromsam,Furyfree,2
kromsam,jb0gie,2
kromsam,HassanSattar3,4
kromsam,blazskufca,2
kromsam,agata,4
kromsam,a-sologub,4
krp,ironicbadger,4
krymzonn,kromsam,6
krzysztofplazio,Tatuck,2
kskoba,voidberg,2
kyedavey,rublev,4
kyedavey,Devwulf,2
kyedavey,deanandreakis,2
kyedavey,gangaasoonu,4
kyedavey,Phrozenn1,2
kyedavey,gonzochic,2
kzagoris,zdehasek,2
l-konrad,KiskaLE,2
l0gicgate,diegopluna,4
l4loLX3,nik-securemeasure,2
l4loLX3,iagocc,2
lajjne,trevorputbrese,2
lakwey,Mr-Sunglasses,2
lakwey,euandeas,2
lakwey,prertik,2
landsman,dhh,2
landsman,oliverperboni,4
landsman,matheorism,2
landsman,rigo3t,2
landsman,bdbch,2
landsman,StarrWulfe,2
landsman,sashi12222,2
landsman,Shankar-1212,2
landsman,babu-fr1k,2
landsman,Matt-Ord,2
landsman,voody77,2
landsman,MK-Mike,2
landsman,AdamMusa,4
landsman,capyfara,2
landsman,SoAp9035,2
landsman,Addibro,2
landsman,NicolasDorier,2
landsman,CaffeinatedTech,6
larryhudson,Dynasty8614,2
lavavex,ElBrodino,2
lbonvarl,hyprhex,2
lealoureiro,JaxonWright,2
leciric-stf,shahriyardx,2
leecrosdale,crazed-developer,2
legymhueck,Luxian,2
lennartbrandin,paul-fornage,2
leonardobetti,kromsam,4
leonardowolf,dheerapat,2
leoplanet,shveeram,2
levi2m,mmsbrggr,2
lewispb,jardahrazdera,14
lewispb,eduardoborges,2
lgranie,h14h,2
limxuan,abenz1267,4
lina-roether,milolethbridge,2
linux-fertxo,Salt-555,2
ljrobins,zigmoo,12
ljrobins,RodriMora,2
llevering,naxels,6
lliamsymonds04,liamjdavis,2
lliamsymonds04,lucasolima,2
lloitre,TobbEEEEH,6
lmoboy,pelephant2,2
longsman,adamavenir,2
loveloki,sailoz,2
lovillela,ddevault,4
lpanebr,dhh,2
lpossamai,itsnumpty,2
lschiavini,ddevault,2
ltehacker,med502,2
lucasew,alcides,2
lucasfais,RyanBreaker,2
lucashames-ct,ddevault,2
lucasmartins,cometaj2,2
lucasmartins,ddevault,2
lucasmoore,weierfischen,8
lucasrcezimbra,tekumara,2
lucasrcezimbra,mrios69,2
lucasrcezimbra,JPHultra,2
lucasrcezimbra,gapf2010,2
lucasrcezimbra,maxrabin,2
lucasrcezimbra,lawsontaylor,2
lucasrcezimbra,golgor,4
ludagoo,dhh,2
ludagoo,dheerapat,2
ludgerpaehler,itsnumpty,18
ludgerpaehler,Kn0ax,2
ludo237,aifrim,4
ludo237,gregmolnar,4
ludo237,zaneschepke,2
ludo237,Gazler,4
ludo237,tahayvr,14
ludo237,Merovex,2
ludo237,JaxonWright,2
ludo237,ethanolivertroy,2
ludo237,shayne,2
ludo237,Justikun,2
ludo237,abenz1267,2
ludo237,RyanBreaker,2
ludo237,hyprhex,2
ludo237,abarrosjr,2
ludo237,Serendeep,12
ludo237,SYKwong,6
ludo237,ryanrhughes,10
ludo237,CWood-sdf,6
ludo237,chriopter,6
luiswitz,sauryagur,2
lukasz-strama,Luquatic,2
lukasz-strama,JoaoPedro-cody,2
lukehowson,killeik,4
lukehowson,derluke,2
lukehowson,jarvis1704,2
lukehsiao,ryanrhughes,2
lukehsiao,ludagoo,2
lukehsiao,mtalha-codes,2
lukehsiao,skoom21,2
lukehsiao,Cutipus,2
lukehsiao,nightdevil00,4
lukehsiao,dhh,4
lukehsiao,vaqMAD,2
lukehsiao,jvanbaarsen,2
lukehsiao,sk4rrjin,2
lukehsiao,Cammisuli,18
luposlip,ElBrodino,2
luposlip,kromsam,4
luposlip,pedrodrocha,4
luposlip,nmeylan,2
luposlip,satyapraneet63,2
luski,fpigeonjr,2
luski,gabriel-curtino,2
lypanov,boozlbork,2
lypanov,y0no,2
m0unds,ZacAmnell,2
m5lk3n,guruswarupa,4
m5lk3n,system4app,2
m5lk3n,Eim-31,8
mKay00,shubham-mamodiya,2
mabonce,ryanrhughes,2
macarmo,anshul12ra,2
madebynoxc,mmsbrggr,6
madebynoxc,ryrobes,2
madhavajay,rantnar,4
magiconair,jondkinney,16
mah3uz,dhh,6
maietta,bcavaco,2
maietta,TobbEEEEH,2
maietta,anime-in-the-world,2
maietta,Dynasty8614,4
maietta,Rishabh-Sarang,6
majvax,indahud,2
maligno1,Luquatic,6
malparty,ryanyogan,6
malparty,v-oleg,4
mamadgm,illangpasandre-prog,2
mandarvaze,wey-gu,2
manshahH,illangpasandre-prog,2
manuel1618,dhh,2
manuel1618,bagguettiesonmywrist,2
manuel1618,tobiasz-p,2
manuel1618,thomu5000,2
manuel1618,ashutoshbw,2
manuel1618,ChristerNilsson,2
manuel1618,JamesMConroy,4
manuel1618,juansalvatore,2
manuel1618,kromsam,2
manuel1618,Ptark,2
manuel1618,axelfontaine,8
manuel1618,m5lk3n,2
manuel1618,MartinsBerzinsBN,2
manuel1618,jamerrq,2
manuel1618,davidwinter,2
manuel1618,landsman,2
manuel1618,Roilan,6
manuel1618,CantC0unt,2
manuel1618,virtualabishek,2
manuel1618,geass94,2
manuel1618,ryanrhughes,6
manzoliric,colutti,2
manzoliric,hipsterusername,2
maralcbr,adriank,2
marcelbeumer,chadbailey59,2
marcelhintermann,wintermeyer,2
marcelotk15,kromsam,2
marcelzimmer,SatoriSec,2
marcinczenko,ryanrhughes,2
marcio,curtisspendlove,2
marcusholmgren,satyapraneet63,2
markjfisher,vlofgren,2
markjfisher,cyppe,4
markpopjason,kyedavey,4
markstos,melonamin,2
markstos,ryanrhughes,2
markstos,hjanuschka,2
marktran,opswole,4
marlonmarcello,opswole,2
marlonmarcello,npenza,2
martin-ro,dhh,4
martinblaha,goomba27,2
martinmose,dhoppe,4
martinmose,renatovieiradesouza,2
marwan38,luposlip,2
masq6r,vlofgren,2
masq6r,mmsbrggr,2
masq6r,ochowie,4
massimosgrelli,curtisspendlove,2
mateuspim,hilderv,2
matheorism,Luquatic,4
matheorism,Ratko-Solaja,2
matheorism,jkc-2,6
matheuscandido,ironicbadger,2
mathiasrando,kromsam,2
mathieucollet,Tatuck,2
matmis,danprueitt,4
matsest,rnadler,4
matthewcordaro,neurotroph,2
matthiasweiss,guilhermetk,2
matzalazar,JosefAmbruz,2
maurisrx,defaultdino,2
max-prtsr,huuaho,2
max2000warlord,ddevault,2
maxguzenski,dhh,12
maxguzenski,ahmetkca,2
maxguzenski,Zooce,4
maxguzenski,githubpoet,2
maxguzenski,SatoriSec,2
maxguzenski,manuel1618,2
maxguzenski,tobiasz-p,2
maxguzenski,nik-securemeasure,2
maxguzenski,odnmalau,2
maxguzenski,linux-fertxo,2
maxguzenski,vicmcorrea,2
maxguzenski,diegonogueira,2
maxguzenski,devbrsa,2
maxguzenski,Zerodayu,2
maxguzenski,grimy192837465,2
maxguzenski,mikailbayram,2
maxguzenski,morsontologica,6
maxguzenski,RodriMora,2
maxoux,Danmoreng,2
maxoux,imyarto,2
maxsz,crazed-developer,2
maxvelkir,ryanrhughes,2
maxwell-mutuku-dev,cluah,2
mcdent,maxdmayhew,2
mdewitt11,ayan-de,2
meceo,crazed-developer,2
med502,SatoriSec,4
med502,ArchGalileu,2
med502,RodriMora,4
med502,acrogenesis,2
med502,kromsam,16
meeeller,gasper008,2
meerzulee,dhh,4
meestree,AnubhavPabby,2
mehd-io,matsonj,2
mehraharsh019,PrAnAvViNaYaKjAdHaV,2
mehraharsh019,ashaikh,2
meirdick,dimus,2
melonamin,ardavis,4
melonamin,Prajwal-Prathiksh,2
melpomene,abenz1267,6
mescalas,goomba27,2
meta-byte,curtisspendlove,2
meta-byte,Rnedlose,2
meta-byte,al3rez,2
mfontcada,dhh,4
mfornasa,marcinczenko,8
mfornasa,pilgren,2
mfornasa,dhh,2
mfthaina,nrbnlulu,2
mghextreme,przemekmatsumoto,12
mghextreme,robertobarreda,6
mghextreme,purrsec,4
mghextreme,dhh,4
mghextreme,Luquatic,4
mhbidhan,Tatuck,2
mhnagaoka,marioidival,2
mholson,e-minguez,4
michabbb,dhh,2
michaellenahan,kromsam,2
michaelmm,victornor,2
michaelshmitty,itsnumpty,8
michal-samluk,ryanrhughes,2
michapietsch,nilszeilon,2
michapietsch,jondkinney,2
michealpwalls,goomba27,2
michielryvers,Sicherheit007,4
microrony,wleme,2
miguelcsilva,cluah,2
miharekar,dhh,6
mikailbayram,curtisspendlove,2
mikailbayram,Manujdixit,4
mikailbayram,Mayank-8127,2
mikeproctor,jamerrq,4
mikeproctor,Rattlyy,2
mikevanl,Ugwattu,2
mikeytag,shawntz,2
milanoid,adaryorg,2
milindmadhukar,Reflux0301,2
milolethbridge,benWindsorCode,2
minatsilvester,zaneschepke,4
mintisan,wleme,2
minton,nik-securemeasure,2
mintplague,ddevault,2
mir4zul,defaultdino,4
mirhec,Romanhan,2
mitchellh,dhh,6
mitchellh,rossvz,2
mitchellh,Furyfree,2
mitchellh,mirzap,4
mithrandir-gandalf,skoom21,2
mkccl,AnubhavPabby,2
mkurz,jondkinney,2
mlabbe,pmercatoris,2
mlabbe,dradrien,4
mlive1992,diegopluna,4
mlive1992,jonnyace,2
mlive1992,amanat361,2
mlombardi96,ryanrhughes,2
mlombardi96,d-cas,4
mlombardi96,dhh,6
mmaadd,itsnumpty,8
mmneimne,NLedge,2
mmneimne,mir4zul,2
mmsbrggr,ghost,4
mmsbrggr,oxidebits,2
mnakhli-noon,dhh,2
mohimirza,manuel1618,2
mohimirza,rantnar,2
moisesmata,goomba27,2
moo-w,odnmalau,2
moonward,coolaj86,2
morgoth,oluwatimio,2
morgoth,alansikora,2
morgoth,Zalmez,2
morgoth,ebaerwald,2
morgoth,jelenv,2
morgoth,FlameHorizon,4
morgoth,Rishabh-Sarang,2
morgoth,gingerpickle99,2
morgoth,tomasolsinar,2
morgoth,gonzochic,2
morgoth,gasper008,2
morgoth,rafa-alves6,2
morgoth,mir4zul,2
morgoth,brink-lab,2
morgoth,Pindano,2
morgoth,APS6,2
morgoth,GyHUN95,2
morgoth,itsnumpty,2
morgoth,hyprhex,2
morgoth,davidwinter,2
morgoth,rikkarth,2
morgoth,Chase78712002,2
morgoth,landsman,2
morgoth,weholt,2
morgoth,colutti,2
morgoth,vaqMAD,2
morgoth,ameeno,2
morgoth,tadacamp-code,2
morgoth,thomasbigger584,2
morgoth,nskrdev,2
morgoth,tjcwilk,2
morgoth,SoAp9035,2
morgoth,medrinnn,2
morgoth,himanshu0805,4
morgoth,joaocarvalhoopen,2
morgoth,ryrobes,2
morgoth,Remgr12,2
morgoth,illangpasandre-prog,2
morgoth,Carloswelliton,2
mr-scrpt,danfascia,2
mr-zlaam,tristonarmstrong,2
mr-zlaam,c4software,2
mrlarsendk,manuel1618,8
mrlarsendk,tekumara,4
mrpbennett,gkurts,6
mrtnin,danfascia,2
mrtnin,tobiasz-p,2
mtnstar,JosefAmbruz,4
muhammedaksam,Mayank-8127,2
muno777,mtalha-codes,2
muvaf,rantnar,2
muzzwood,robertobarreda,4
mvtenorio,Luxian,4
mvvasilev,defaultdino,4
mwac-dev,Krymancer,2
mythz,pachuc,4
nabeeladzan,cakePhone,2
nacapulque,derluke,2
nadienuncanada,nns2009,2
naillizard,amanat361,2
natanschneider,alcides,2
natsukashiixo,michaelhazan,2
naxels,sunbyte,2
naxels,kodnin,2
naxels,Eim-31,10
naxels,paul-fornage,2
naxels,zaneschepke,2
naxels,matsonj,2
naxels,cinemast,4
naxels,rblalock,2
naxels,heeh,2
naxels,phara0n,2
naxels,bjabot12,6
naxels,wkoszek,2
naxels,jirpok,2
naxels,XNinety9,4
naxels,transporsche,2
naxels,MentalGear,2
naxels,axelfontaine,2
naxels,halilozercan,4
naxels,nicolaric,4
naxels,ablzh,2
naxels,djordje,4
naxels,kyedavey,2
naxels,ryanrhughes,2
naxels,ludagoo,2
naxels,andresatierf,4
naxels,prepin,2
naxels,tristonarmstrong,2
naxels,juizmill,4
naxels,crqch,2
naxels,Pintjebier,2
naxels,dharmavagabond,2
naxels,riegojerey,2
naxels,dhh,2
naxels,shubham-mamodiya,2
naxels,rCirelli,2
nc,parnoldx,2
ncevans,RodriMora,2
nckre,babu-fr1k,2
ncr,kanishkdudeja,2
neheb,capyfara,6
neilgilmour,Eim-31,4
nelsons-coder,Sabadon,2
nemoralis,richecr,2
nemoralis,brink-lab,2
nemoralis,Shankar-1212,2
nemuiyarou,zaborowskimichal,2
neosepulveda,jondkinney,2
netrusov,iamsameerpaudel,6
netrusov,curtisspendlove,2
netrusov,DavidHoenisch,2
ngtanthanh-qc,yapus,2
nianhbg,illangpasandre-prog,2
nicholaspsmith,raphaeleliass,2
nickheyer,GuzmanMD,2
nickjj,ryanrhughes,4
nickpestov,nicolaric,2
nickseelert,itsnumpty,4
nickseelert,l4loLX3,2
nicoestrada,BestCoder1877,2
nicoestrada,MikaelWeiss,2
nicoestrada,minh-cong,6
nicoestrada,mikemayuare,2
nicofabre,socket72,4
nicolaric,naxels,2
nielpattin,dhh,2
nielpattin,killeik,6
nifipi,eugenialoli,2
nightdevil00,ryanrhughes,2
nightdevil00,bjarneo,2
nightdevil00,N4fta,2
nik-here,tahayvr,2
nik-securemeasure,robzolkos,2
nik-securemeasure,iagocc,2
nik-securemeasure,Swarnim114,4
nik-securemeasure,thrillho93,2
nik-securemeasure,shawnyeager,2
nkasco,itsnumpty,2
nkasco,kromsam,2
nkasco,MatthewHunt84,2
nkxxll,rafa-alves6,2
nkxxll,sepulworld,6
noahc,pedrodrocha,2
nomnomheapnom,yapus,2
noozo,JosefAmbruz,2
noozo,mmsbrggr,4
noxidsoft,nik-securemeasure,6
noxidsoft,rsd,2
npenza,dhh,4
npenza,al3rez,2
npenza,JaxonWright,2
nprorekhin,yapus,2
nrbnlulu,maxrabin,2
nskrdev,ryanrhughes,2
nullraven0,JosefAmbruz,2
nullrish,NvmN1G,2
numbertheory,thelifeandtimes,2
nvolker,alcides,2
nweger,denisu14,2
nweger,kromsam,4
nytr0gen,dhh,4
oca159,nik-securemeasure,2
ocewers,JPHultra,2
ocewers,marcinczenko,2
odd-git,przemekmatsumoto,6
oddysee,mmsbrggr,2
ofrades,itsnumpty,2
ofrades,ryanrhughes,4
ofrades,nik-securemeasure,6
ofrades,mrtnin,2
ogdakke,pedrodrocha,2
okhomenko,minisiowo,2
olajoao,mir4zul,2
olehrstm,Matt-Ord,2
ollipirttila,ryanrhughes,4
ollipirttila,Matt-Ord,2
oluies,SatoriSec,2
omarahmed786,mikailbayram,2
omarahmed786,Cammisuli,2
omarchy-user,Kro0noss,2
omaskery,foretoo,4
omygolly,joelgaff,2
onlyjuans,imvaskii,2
opach16wsei,grimy192837465,2
opajanvv,mcolinp,2
oppegard,danfascia,2
oppegard,sailoz,4
osiris-plus,ddevault,2
overcast-software,naxels,2
owensd,lestex,2
owensd,ironicbadger,2
owensd,manuel1618,4
owensd,sspaeti,2
owensd,shawnyeager,2
owensd,defaultdino,2
oxidebits,pkrzysiekk,2
oxidebits,Dynasty8614,2
ozukoc,ChristerNilsson,2
p134c0d3,nuelle16,2
pXius,nkasco,2
pablete,jfernandez,2
paganotoni,curtisspendlove,4
paidhi,trevorputbrese,2
parnoldx,Luxian,2
parnoldx,ddevault,2
parnoldx,tjcwilk,2
patroza,jondkinney,2
patroza,meirdick,2
patroza,kromsam,4
patroza,LukasTrust,2
patroza,opajanvv,2
paul-fornage,zaneschepke,2
paul-fornage,danfascia,2
paul-fornage,jardahrazdera,4
paul-fornage,Krymancer,4
paul-fornage,4A616D6573,2
paul-fornage,jackos,2
paul-fornage,negoro26,2
paul-fornage,itsmedardan,2
paul-fornage,thmatosbr,2
paul-fornage,vynguyen205,2
paul-fornage,tjcwilk,2
paulhmurray,nmonev,4
pawlobanano,Mayank-8127,12
pbakiewicz,geass94,2
pbjorklund,bragmore,2
pch,killeik,2
pdcxs,yapus,2
pebroz,baleygr-ofnir,6
pedro757,jpow18,4
pedrodrocha,paucommit,2
peeviddy,dhh,2
pelephant2,darshfi,2
pelephant2,Canatulee,2
pelephant2,AnonymousCoderArtist,4
pelephant2,JumpIn-Git,4
perminder-klair,bragmore,2
perogycook,itsmedardan,2
perogycook,xElkomy,2
pertusatti22,renatovieiradesouza,2
petejkim,nilszeilon,6
peterszarvas94,h14h,2
petipoua,Furyfree,2
pettersj,adamavenir,6
pgmdpfcon,goomba27,2
phantom-kali,raybarrera,2
phara0n,Luxian,2
phenomen,nabeeladzan,2
philippeback,amanat361,2
philippeback,euandeas,2
philippeback,naxels,2
phplemos,alcides,2
phplemos,illangpasandre-prog,2
phucisstupid,tahayvr,2
phucisstupid,pixincreate,2
phush0,yapus,4
pil0u,ardavis,2
pimonteiro,nkasco,2
piotrpliszko,opswole,2
pipetogrep,nkasco,2
pipetogrep,ahmed-zekry,2
pipetogrep,steffenkrogmann,2
pixincreate,vyrx-dev,2
pjv,hyprhex,2
pkordel,ryanrhughes,6
pkrueger,h14h,2
pleachchapel,tjcwilk,2
pm-global,tmkn,2
pmd-coutinho,ryanrhughes,2
pmd-coutinho,abenz1267,2
pmercatoris,jardahrazdera,2
pmnzt,defaultdino,2
pmpinto,ryanrhughes,2
ponymushama,ashutoshbw,4
ppetru,seanpk,2
pradeep-gox,Manujdixit,2
prathamngundikere,Luquatic,4
prepin,mfornasa,2
prog13,mfornasa,2
pschaefer2305,RodriMora,4
pskowronek,mmsbrggr,2
psynautic,Michallote,2
ptsmonteiro,naxels,2
pudymody,prertik,2
pushforce,dhh,2
pythops,FlameHorizon,4
pythops,HassanSattar3,8
pythops,0ncoming-Storm,2
pythops,fridlundisme,2
pythops,lentra0,2
pythops,capyfara,4
pythops,kromsam,2
pythops,a-sologub,4
qdev0,SDCVO,2
qdev0,GiraffeCoding,2
qnlbnsl,cammynixfr,6
quangnd159,JosefAmbruz,2
quickstar,fabean,2
quiet-ghost,grimy192837465,2
quiquebella,Shankar-1212,6
rCirelli,sspaeti,2
racnuzg9u,Luquatic,2
radu-corbu,nonetrix,2
rafabiela,hipsterusername,2
rafaelbernard,dhh,8
rafaelbernard,jardahrazdera,2
rafaelbernard,mazdak,2
rafaelbernard,zaborowskimichal,2
rafaelbernard,knappkevin,2
rafaelbernard,pilgren,4
rafaelbernard,nmonev,4
rafaelbernard,jzetterman,6
rafaelbernard,reshadman,8
rafaelbernard,arcbjorn,12
rahoe,minisiowo,2
rainanDeveloper,ddevault,2
rajarshikhatua,saullrb,2
rajesh-1252,bragmore,2
rajesh-sv,wleme,2
rajshekardev,Matt-Ord,2
ramtinJ95,mrtnin,2
ramtinJ95,StarrWulfe,2
ramtinJ95,hyprhex,2
ramtinJ95,dotsilva,6
raphaelmso,eifr,2
raphaelpra,virtualabishek,4
raphaelstary,wavic,2
raphaeltannous,Naelpuissant,6
raphaeltannous,5w5,4
raybarrera,rigo3t,4
raybarrera,phantom-kali,2
rbaezam,guruswarupa,2
rblalock,danfascia,2
rblalock,nik-securemeasure,2
rblalock,ludo237,2
rblalock,lucasolima,2
rbngzlv,wavic,2
rclabs,JosefAmbruz,2
rdtechie,elijahimmer,2
realandsalv,JosefAmbruz,4
reimiii,kromsam,2
renatovieiradesouza,hipsterusername,2
reppiz,kromsam,6
revan1611,ryanrhughes,2
rez1coder,RodriMora,2
rez1coder,halilozercan,2
rez1coder,bzierk,2
rez1coder,phucisstupid,8
rez1coder,SpaceByBlank,2
rez1coder,przemekmatsumoto,10
rez1coder,manuelgdlvh,2
rez1coder,arni1981,2
rez1coder,tamayotchi,2
rez1coder,andrewjanssen,6
rezamonangg,fisika1729,2
rgarofano,Dynasty8614,2
rhodes-b,dhh,18
ricardolpd,vlofgren,2
richarddavenport,GiraffeCoding,4
richoy,alcides,2
riegojerey,JaxonWright,2
riegojerey,ryanrhughes,4
riegojerey,shawnyeager,2
rigo3t,shawnyeager,2
rikkarth,sailoz,4
rixlabs,wintermeyer,2
rkmaier,derluke,2
rkmaier,ashd90,2
rmacklin,ryanrhughes,10
rmacklin,Zooce,2
rmacklin,EskelinenAntti,2
rmacklin,bigint,4
rmacklin,OmarSkalli,2
rmacklin,lsc,2
rmacklin,shawnyeager,4
rmacklin,ProPatte,2
rmacklin,marcinczenko,2
rmacklin,melonamin,2
rmacklin,vyrx-dev,4
rmacklin,sspaeti,2
rmacklin,jardahrazdera,8
rmacklin,dhh,18
rmacklin,soubky0,10
rmateu,curtisspendlove,2
rmateu,XNinety9,2
rmrten,Merovex,6
roberto-aguilar,grzegorzbartman,2
roberto-aguilar,dhoppe,4
roberto-aguilar,martinmose,12
roberto-aguilar,keyfer,6
robindegen,Tatuck,2
robinsmith-source,stoicz,2
robzolkos,dhh,2
robzolkos,JJDizz1L,4
rodgco,anime-in-the-world,2
rodrigotoledo,nmonev,2
roee1454,guruswarupa,2
rogeraird,zaneschepke,2
rogeriopvl,Addibro,2
rogervn,Tatuck,2
romachne,blackmou5e,2
rosa,jonbloor,4
rosscondie,sspaeti,2
rossvz,opswole,2
rossvz,crqch,2
rowansps,Bekkenes,2
rshurts,ryanrhughes,4
rsl-pseudocode,cammynixfr,6
rsmirnov90,ddevault,2
rthabett,SatoriSec,2
rthabett,richvote,4
rthabett,SamuelCam14,2
rthabett,Rishabh-Sarang,2
rthabett,Shankar-1212,2
rtome85,shawnyeager,2
rtome85,Tatuck,2
rtome85,illangpasandre-prog,6
rubas,ramtinJ95,2
rubas,nicolaric,2
rubenvisscher,minisiowo,2
rulonder,coolaj86,2
runeskretting,odnmalau,2
ruuts,fabiokr,2
rxvhndsm,nmonev,2
ryanbateman,MichaelTeeuw,4
ryanbateman,rCirelli,4
ryanburnette,coolaj86,4
ryanburnette,ThatBlokeJosh,2
ryanburnette,ryanrhughes,2
ryancolley,c4software,4
ryancolley,sedubois,2
ryanrhughes,ammarove,7
ryanrhughes,sk4rrjin,3
ryanrhughes,dhh,36
ryanrhughes,nightdevil00,5
ryanrhughes,medrinnn,3
ryanrhughes,MaryamTarek03,3
ryanrhughes,RodriMora,7
ryanrhughes,pandelig,5
ryanrhughes,felixzsh,5
ryanrhughes,hossimo,5
ryanrhughes,merouaneamqor,5
ryanrhughes,mir4zul,3
ryanrhughes,daltsan,5
ryanrhughes,phara0n,5
ryanrhughes,P1tchZ3r0,5
ryanrhughes,Anik200,5
ryanrhughes,zenhooms123321-stack,5
ryanrhughes,mohamedbril,5
ryanrhughes,g1sbi,5
ryanrhughes,vrajpat3ll,5
ryanrhughes,SYKwong,3
ryanrhughes,brink-lab,7
ryanrhughes,stoicz,21
ryanrhughes,Zxuus,7
ryanrhughes,cairin,5
ryanrhughes,rmusaev99,5
ryanrhughes,Shankar-1212,10
ryanrhughes,devsujalpatel,3
ryanrhughes,rCirelli,7
ryanrhughes,pelephant2,7
ryanrhughes,landsman,15
ryanrhughes,sepulworld,7
ryanrhughes,henderb,5
ryanrhughes,ist14k,5
ryanrhughes,SoAp9035,8
ryanrhughes,fisika1729,5
ryanrhughes,denisu14,8
ryanrhughes,vnijs,5
ryanrhughes,raphaeleliass,9
ryanrhughes,justpurv,3
ryanrhughes,Mohamedsayhii,3
ryanrhughes,5w5,3
ryanrhughes,wolfgangw,10
ryanrhughes,assada,5
ryanrhughes,shahriyardx,3
ryanrhughes,bhood239,3
ryanrhughes,slinn-01,5
ryanrhughes,brasilikum,5
ryanrhughes,MadMax-067,5
ryanrhughes,Kashan-amd,5
ryanrhughes,bpidperygora,5
ryanrhughes,battlej07,5
ryanrhughes,matevzg,5
ryanrhughes,defaultdino,5
ryanrhughes,executionreverted,5
ryanrhughes,42kiko,5
ryanrhughes,ZorudaRinku,3
ryanrhughes,h4z-dev,5
ryanrhughes,gonzochic,3
ryanrhughes,devbrsa,5
ryanrhughes,ddVital,5
ryanrhughes,dheerapat,5
ryanrhughes,arampak,5
ryanrhughes,Roilan,5
ryanrhughes,czlowiek488,5
ryanrhughes,gray-adeyi,3
ryanrhughes,huuaho,5
ryanrhughes,fidelisakilan,3
ryanrhughes,gingerpickle99,3
ryanrhughes,sa-dd,8
ryanrhughes,abenz1267,7
ryanrhughes,sparky0520,3
ryanrhughes,camilonova,5
ryanrhughes,baleygr-ofnir,10
ryanrhughes,AFFLatusss,3
ryanrhughes,MatthewABrantley,5
ryanrhughes,Dynasty8614,5
ryanrhughes,danielpavone,5
ryanrhughes,mcolinp,5
ryanrhughes,r3nor,5
ryanrhughes,philippeback,5
ryanrhughes,koepalex,3
ryanrhughes,minh-cong,5
ryanrhughes,Else00,5
ryanrhughes,tomasnorre,3
ryanrhughes,elton-cs,3
ryanrhughes,Phrozenn1,5
ryanrhughes,ebaerwald,5
ryanrhughes,NiWe03,3
ryanrhughes,oxidebits,7
ryanrhughes,maietta,5
ryanrhughes,CGCM070,3
ryanrhughes,heheda123123,6
ryanrhughes,mmsbrggr,8
ryanrhughes,gabriel-curtino,5
ryanrhughes,lavavex,3
ryanrhughes,Travcort,5
ryanrhughes,GuzmanMD,3
ryanrhughes,prathamngundikere,3
ryanrhughes,rplankenhorn,5
ryanrhughes,KunalGautam,5
ryanrhughes,seanpk,5
ryanrhughes,mikemayuare,5
ryanrhughes,guirossibrum,5
ryanrhughes,ColtonIdle,3
ryanrhughes,molhamfetnah,5
ryanrhughes,vaqMAD,3
ryanrhughes,ocewers,3
ryanrhughes,Furyfree,11
ryanrhughes,gammons,3
ryanrhughes,sashi12222,3
ryanrhughes,infogulch,5
ryanrhughes,eduardobatista,3
ryanrhughes,LazyStability,5
ryanrhughes,ameeno,5
ryanrhughes,edmooredop,5
ryanrhughes,babu-fr1k,3
ryanrhughes,matasuge200,3
ryanrhughes,Zalmez,5
ryanrhughes,Rovetown,5
ryanrhughes,Abdirrahman,3
ryanrhughes,yuri-xyz,3
ryanrhughes,AnubhavPabby,5
ryanrhughes,gangaasoonu,3
ryanrhughes,Matthew-act546,3
ryanrhughes,liams000,5
ryanrhughes,Ryaja2,3
ryanrhughes,deanandreakis,5
ryanrhughes,vlofgren,5
ryanrhughes,michaelosmith,5
ryanrhughes,jimd0t,8
ryanrhughes,colutti,10
ryanrhughes,jamesmcm,5
ryanrhughes,antonavy,5
ryanrhughes,davidbasilefilho,5
ryanrhughes,xnileshtiwari,5
ryanrhughes,vrinek,5
ryanrhughes,Canatulee,3
ryanrhughes,ZeraTS,5
ryanrhughes,CwalkPinoy,5
ryanrhughes,helioascorreia,9
ryanrhughes,btbishop93,5
ryanrhughes,syabro,5
ryanrhughes,AnonymousCoderArtist,3
ryanrhughes,MikaelWeiss,5
ryanrhughes,thelifeandtimes,3
ryanrhughes,zxcfilatov,5
ryanrhughes,dl-alexandre,5
ryanrhughes,BestCoder1877,5
ryanrhughes,dimmerz92,3
ryanrhughes,satyapraneet63,8
ryanrhughes,coffnix,5
ryanrhughes,rublev,5
ryanrhughes,joelgaff,7
ryanrhughes,jpumfrey,7
ryanrhughes,alexjp,3
ryanrhughes,e0,5
ryanrhughes,arthur404dev,5
ryanrhughes,e-minguez,8
ryanrhughes,GreenHacker420,3
ryanrhughes,woopstar,10
ryanrhughes,lawsontaylor,5
ryanrhughes,Kurizek27,5
ryanrhughes,kvidaxl,5
ryanrhughes,Shastryji,5
ryanrhughes,tcurdt,11
ryanrhughes,mattsontrygve-dot,3
ryanrhughes,guibbv2011,3
ryanrhughes,Lejoni,5
ryanrhughes,iamobservable,11
ryanrhughes,shawnyeager,19
ryanrhughes,vynguyen205,5
ryanrhughes,ddevault,3
ryanrhughes,FlameHorizon,5
ryanrhughes,gapf2010,5
ryanrhughes,ajmeese7,5
ryanrhughes,shubham-mamodiya,5
ryanrhughes,stallmer,5
ryanrhughes,alfarhan,5
ryanrhughes,JosefAmbruz,3
ryanrhughes,mlabbe,3
ryanrhughes,prepin,3
ryanrhughes,crqch,7
ryanrhughes,bdbch,6
ryanrhughes,tjcwilk,8
ryanrhughes,DallinTG,5
ryanrhughes,amanat361,3
ryanrhughes,Chase78712002,5
ryanrhughes,EfeDevirgen,5
ryanrhughes,Pintjebier,9
ryanrhughes,pheonick,5
ryanrhughes,djordje,3
ryanrhughes,JPHultra,5
ryanrhughes,KiskaLE,5
ryanrhughes,mrios69,5
ryanrhughes,euandeas,5
ryanrhughes,jkc-2,3
ryanrhughes,tekumara,5
ryanrhughes,kyedavey,5
ryanrhughes,jpow18,5
ryanrhughes,Rakura-cloud,7
ryanrhughes,pampa,5
ryanrhughes,MichaelGame-Dev,5
ryanrhughes,alcides,5
ryanrhughes,rixlabs,3
ryanrhughes,jamerrq,5
ryanrhughes,ablzh,3
ryanrhughes,mroboff,5
ryanrhughes,bcavaco,5
ryanrhughes,John-Lin,3
ryanrhughes,meceo,5
ryanrhughes,NoaHimesaka1873,5
ryanrhughes,mrlarsendk,7
ryanrhughes,nicolaric,3
ryanrhughes,axelfontaine,5
ryanrhughes,socket72,7
ryanrhughes,Reflux0301,3
ryanrhughes,rulonder,5
ryanrhughes,lfrostp,3
ryanrhughes,renatovieiradesouza,5
ryanrhughes,naxels,5
ryanrhughes,wintermeyer,5
ryanrhughes,coolaj86,5
ryanrhughes,peregrinus879,9
ryanrhughes,MananDesai54,5
ryanrhughes,ngodn,3
ryanrhughes,wrex,5
ryanrhughes,abuturabofficial,5
ryanrhughes,DoppioJP,5
ryanrhughes,wouterbouvy,5
ryanrhughes,Luquatic,11
ryanrhughes,geoffsimp,5
ryanrhughes,jfernandez,5
ryanrhughes,atorrez007,9
ryanrhughes,wltechblog,5
ryanrhughes,randall-vx,5
ryanrhughes,jasencarroll,3
ryanrhughes,daanlenaerts,3
ryanrhughes,wavic,11
ryanrhughes,qasimsk20,9
ryanrhughes,Krymancer,3
ryanrhughes,phucisstupid,5
ryanrhughes,hyprhex,5
ryanrhughes,michielryvers,5
ryanrhughes,nkasco,3
ryanrhughes,acrogenesis,5
ryanrhughes,themodev,5
ryanrhughes,bvdwalt,5
ryanrhughes,GiraffeCoding,3
ryanrhughes,Rnedlose,14
ryanrhughes,OerdBej,9
ryanrhughes,f6198874,12
ryanrhughes,drbraden,5
ryanrhughes,nilszeilon,5
ryanrhughes,melonamin,9
ryanrhughes,StarrWulfe,5
ryanrhughes,ChristerNilsson,5
ryanrhughes,hipsterusername,3
ryanrhughes,snek,5
ryanrhughes,iagocc,3
ryanrhughes,Awais-Sajid-119,7
ryanrhughes,jzetterman,37
ryanrhughes,groupsvkg,5
ryanrhughes,sailoz,13
ryanrhughes,ltehacker,3
ryanrhughes,PranavKumar9529desai,3
ryanrhughes,elvinaspredkelis,7
ryanrhughes,precision,11
ryanrhughes,endrebak,7
ryanrhughes,ituri,18
ryanrhughes,RaphaelKimmig,5
ryanrhughes,Merovex,5
ryanrhughes,MrTrigger,5
ryanrhughes,DustinEwers,5
ryanrhughes,danfascia,17
ryanrhughes,npenza,2
ryanrhughes,ryanyogan,6
ryanrhughes,adaryorg,4
ryanrhughes,mitsuhiko,2
ryanrhughes,ipmanlk,2
ryanrhughes,JaxonWright,4
ryanrhughes,ardavis,4
ryanrhughes,njkevlani,2
ryanrhughes,ludo237,2
ryanrhughes,k3rn31,4
ryanrhughes,tahayvr,32
ryanrhughes,pushcx,2
ryanrhughes,paucommit,8
ryanrhughes,marcinczenko,6
ryanrhughes,githubpoet,2
ryanrhughes,PhaedrusFlow,2
ryanrhughes,c4software,4
ryanrhughes,Macho0x,2
ryanrhughes,ericrswanny,2
ryanrhughes,daltonbr,2
ryanrhughes,sattary,2
ryanrhughes,danielnolan,2
ryanrhughes,med502,2
ryanrhughes,nik-securemeasure,2
ryanrhughes,mabq,2
ryanrhughes,Ericode254,2
ryanrhughes,ankurkotwal,4
ryanrhughes,jasonish,2
ryanrhughes,tarekbecker,2
ryanrhughes,pipetogrep,2
ryanrhughes,michaelshmitty,2
ryanrhughes,sspaeti,2
ryanrhughes,ludagoo,6
ryanrhughes,itsnumpty,4
ryanrhughes,sgruendel,2
ryanrhughes,erik-brueggemann,2
ryanrhughes,ThatBlokeJosh,2
ryanrhughes,Prajwal-Prathiksh,2
ryanrhughes,SvenSchneiderDVAG,2
ryanrhughes,gaudi369,2
ryanrhughes,cluah,2
ryanrhughes,d-cas,4
ryanrhughes,nmonev,4
ryanrhughes,TheYoxy,2
ryanrhughes,nabeeladzan,2
ryanrhughes,cammynixfr,2
ryanrhughes,RomanoCodes,2
ryanrhughes,lucasolima,2
ryanrhughes,RushiChaganti,8
ryanrhughes,boognevatz,6
ryanrhughes,MrJack91,8
ryanrhughes,phenomen,4
ryanrhughes,rogeriopvl,2
ryanrhughes,ferrao,2
ryanrhughes,sircode,2
ryanrhughes,markjfisher,2
ryanrhughes,Dan-Kingsley,2
ryanrhughes,nns2009,2
ryanrhughes,adriank,2
ryanrhughes,CantC0unt,2
ryanrhughes,kubos5,2
ryanrhughes,RyanBreaker,2
ryanrhughes,Ugwattu,2
ryanrhughes,ElBrodino,6
ryanrhughes,crazed-developer,2
ryanrhughes,trevorputbrese,2
ryanrhughes,ikegam,2
ryanrhughes,andnig,2
ryanrhughes,virtualabishek,2
ryanrhughes,Xkonti,2
ryanrhughes,yapus,2
ryanrhughes,zigmoo,2
ryanrhughes,dariogriffo,8
ryanrhughes,LeonardoTrapani,10
ryanrhughes,manuel1618,10
ryanrhughes,killeik,6
ryanrhughes,manofcolombia,4
ryanrhughes,anoldguy,4
ryanschmidt,Roman-Weisman,18
ryanschmidt,ironicbadger,14
ryanschmidt,emourad,2
ryanyogan,dhh,18
ryanyogan,ColtonIdle,6
ryanyogan,ryanrhughes,2
ryanyogan,ghost,2
ryanyogan,prertik,2
ryanyogan,npenza,2
ryanyogan,BANG88,2
ryanyogan,al3rez,4
ryanyogan,galihwicaksono90,2
ryanyogan,jirpok,2
ryanyogan,StarrWulfe,2
ryrobes,d-cas,2
ryuhzk,oxidebits,2
ryuhzk,fisika1729,2
ryukamish,kromsam,4
ryukamish,gingerpickle99,2
ryukamish,Coletronix,4
ryukamish,devbrsa,2
sa-dd,bettinson,2
sa-dd,CAI991108,2
sa-dd,DevBasem,2
sa-dd,baleygr-ofnir,2
sa-dd,MatthewABrantley,2
sa-dd,TheDeFreeze,2
sabari245,pheonick,2
saeedvaziry,reshadman,2
saeedvaziry,Golim,2
sailoz,DustinEwers,2
sailoz,MrTrigger,2
sailoz,emourad,4
sailoz,Merovex,2
sailoz,Mohamedsayhii,2
sailoz,ColtonIdle,2
sailoz,capatina,2
sailoz,haroldg3,2
sailoz,sunbyte,2
sailoz,Veltair-D,2
sailoz,PranavKumar9529desai,2
sailoz,JonathanRiche,2
sailoz,carabistouflette,2
sailoz,RodriMora,2
sailoz,Doc-4,4
sailoz,bastnic,2
sailoz,iandol,2
sailoz,anshul12ra,8
sailoz,goslynn,4
sailoz,lestex,2
sailoz,Luquatic,2
sailoz,JamesMConroy,4
sailoz,logannc,2
sailoz,ankurkotwal,2
sailoz,bitclaw,2
sailoz,drbraden,2
sailoz,MikeVeerman,2
sailoz,chriopter,2
sailoz,637ms,4
sailoz,kromsam,2
sailoz,flegoff,2
sailoz,lentra0,2
sailoz,sspaeti,2
sailoz,sliceking,6
sailoz,dhh,6
samandmoore,rosscondie,2
samandmoore,sailoz,2
samanshirdel,dhh,16
samrap,melonamin,2
sangemaru,kromsam,2
sankiran,XNinety9,2
sarrietav-dev,devbrsa,2
sattary,maxguzenski,2
sattary,axelfontaine,2
sattary,the-name-romel,2
sattary,FlameHorizon,2
sattary,mir4zul,2
satyapraneet63,minh-cong,2
saullrb,dhh,8
saullrb,aifrim,4
sayanta01,LeAlencar,4
schlafer,BenMerSci,2
scostadavid,alcides,2
scottdavis,nunix,2
sdurnov,wouterbouvy,2
seba1342,henry-cecil,2
sedubois,thmatosbr,2
sedubois,mmsbrggr,2
sedubois,mir4zul,2
sedubois,sepulworld,4
sekharprof,halilozercan,2
seoh,Reflux0301,4
sepulworld,sedubois,20
sepulworld,rafa-alves6,6
sepulworld,mir4zul,2
sergeikay,rthabett,2
sergiotapia,nik-securemeasure,4
sergiotapia,al3rez,8
sevos,nicolaric,2
sgloutnikov,dhh,2
sgloutnikov,nik-securemeasure,4
sgloutnikov,mrtnin,2
sgloutnikov,mrdrbrdr,2
sgruendel,rsd,2
sgruendel,wavic,4
sgruendel,kromsam,2
sgruendel,acrogenesis,2
sgruendel,negoro26,2
sgruendel,thmatosbr,2
sgruendel,nkasco,2
sgruendel,ryanburnette,4
sgruendel,coolaj86,2
sgruendel,Michallote,2
sgruendel,gangaasoonu,2
sgruendel,ocewers,4
sgruendel,bcavaco,2
sgruendel,budnik,2
sgruendel,tarekbecker,4
sgruendel,nemoralis,4
sgruendel,socket72,2
sgruendel,WojtekMatula,2
sgruendel,lucasolima,2
sgruendel,robertobarreda,2
sgruendel,vyrx-dev,6
sgruendel,r3ap3r2004,6
sgruendel,osmansemir,6
shawnanuptra,ryanrhughes,6
shawntz,putueddy,8
shawnyeager,nik-securemeasure,2
shawnyeager,ChristerNilsson,2
shawnyeager,Doc-4,2
shawnyeager,Rnedlose,4
shawnyeager,f6198874,4
shawnyeager,eclecticc,6
shaynelegault,nuelle16,2
sheikhlimon,ryanrhughes,2
sherif-fanous,jondkinney,4
shubham-mamodiya,genebean,4
shubham-mamodiya,jonbloor,4
shubham-mamodiya,jandrusk,2
shyamenk,RushiChaganti,2
siebertm,goomba27,2
silentjay,nqst,2
simeks,Luquatic,2
simon-ami,MananDesai54,2
simonhoye,nkasco,2
simonmwessel,Tatuck,2
simudin,wouterbouvy,2
sixfourtwelve,fhammerschmidt,4
sjuerges,Luquatic,2
sk4rrjin,Mayank-8127,2
skd,Pintjebier,2
sknewcomb,ironicbadger,2
skoom21,nskrdev,2
skutaada,maxrabin,2
slate-rehm,victorbueno,2
sleao,siebertm,2
smartpbx,nkasco,2
smileart,ghuntley,2
smola,ryanrhughes,2
smola,melonamin,2
smsanagustin,Tatuck,2
snek,lestex,6
sntsntsntsnt,Luquatic,4
soda92,capyfara,2
solsystemlabs,shubham-mamodiya,2
somegithubuser245,SimonGuldager,2
sondaoanh,AncapDesign,2
sonicbhoc,GyHUN95,2
soroyv,ironicbadger,2
soubky0,nik-securemeasure,2
soubky0,jandrusk,2
soyricardodev,nkasco,2
sparky0520,amanat361,2
spdawson,domingo2000,2
spdawson,pmercatoris,4
spdawson,gigor,2
spdawson,PatricioTabilo,2
spdawson,ally1002,2
spdawson,sgruendel,6
spdawson,dhh,18
spencerflagg,pelephant2,2
spencerflagg,bettinson,2
spencerflagg,dimmerz92,2
spencerflagg,Chase78712002,2
spencern,adamavenir,8
sphynx79,nik-securemeasure,8
spitefully-positive,TobbEEEEH,8
spvky,foretoo,2
sroberts,fpigeonjr,4
sspaeti,ArchGalileu,2
sspaeti,dhh,2
sspaeti,marcinczenko,2
sspaeti,ryanrhughes,10
sspaeti,michaelshmitty,4
sspaeti,Manujdixit,2
sspaeti,hoblin,2
sspaeti,Prajwal-Prathiksh,2
sspaeti,MichaelM3,2
sspaeti,andnig,10
stanchoud-sys,nik-securemeasure,4
star-ges,geass94,2
stefanpricopie,BenMerSci,2
stephen-palmer,feiwhang,2
stephenh,med502,2
stephenheron,emourad,2
stephenheron,drbraden,2
stoicz,felixzsh,2
stopar,c0mpile,2
stopar,dhh,2
subsy,mrdrbrdr,2
subzelo,sspaeti,2
sudhir-b,ocewers,2
sudomateo,sgruendel,6
sudotoame,Luquatic,2
svicervlad,Luquatic,10
swachian,socket72,2
swany88,matheorism,2
swombat,dhh,6
swork1,Reflux0301,2
sxl613,jankeesvw,6
sxl613,dradrien,4
sxl613,ZacAmnell,6
sxl613,abuturabofficial,2
sxndmxn,davidbasilefilho,2
syabro,jimd0t,2
syabro,ryanrhughes,2
syabro,devzeth,2
syabro,MananDesai54,2
syabro,landsman,2
syabro,jarvis1704,2
syahrulrasyid,goomba27,2
syhner,hegjon,2
system4app,crackiee,2
szamski,smakrysopoulos,6
szamski,rthabett,2
szarnyasg,matsonj,2
t3msk1,Rakura-cloud,2
t4t5,hoblin,2
tahaN415,goomba27,2
tahayvr,dhh,14
tahayvr,martinmose,4
tahayvr,nqst,2
tahayvr,ryanrhughes,2
tahayvr,sgruendel,2
tahayvr,j-c-m,4
tahayvr,rhinin,2
tahayvr,sdurnov,2
tahayvr,huuaho,2
takumade,ElBrodino,2
tamasczibere,ablzh,2
tamasczibere,naxels,2
tamayotchi,mvee-11,2
tamayotchi,kromsam,2
tamayotchi,evanh1393,2
tannerellen,helioascorreia,2
taraszka,vyrx-dev,2
tassiovirginio,erik-brueggemann,2
taufik-nurhidayat,maxdmayhew,2
tawksic,abuturabofficial,4
taylorminton,riegojerey,6
taylortek91,hegjon,2
tbasten,Tatuck,2
tbjornli,Nueny,2
tbjornli,xElkomy,2
techfg,socket72,2
teoruiz,hjanuschka,2
terenceponce,sunbyte,2
terenceponce,goomba27,2
tes424,nonetrix,2
test0n3,nemoralis,2
testlab833,ist14k,2
tetrus93,ddevault,2
tgh-bit,alexandru-calinoiu,2
tgh-bit,Luquatic,2
thadguidry,StarrWulfe,2
thasreal,ddevault,2
thatbeautifuldream,Swarnim114,2
the-exodus,alexandersix,2
the-name-romel,mlabbe,2
thearchitected,thomasbigger584,2
thesomewhatyou,mghalix,2
thesyntaxdude,GiraffeCoding,4
thomasbroderick,ablzh,2
thomasrice,fabiokr,2
thomu5000,nik-securemeasure,4
tibbe,zeinalsulaiman-cmyk,2
tibbe,dhh,12
tighthead3,WillEhrendreich,2
tighthead3,bragmore,2
tighthead3,ironicbadger,2
tikg,Shankar-1212,2
timmo001,anshul12ra,2
timmo001,rajofearth,6
timosperisen,tekumara,2
timothynn,rikkarth,2
tinybluedev,crazed-developer,4
tionichm,nmonev,2
tionichm,sebastianobecchetti,4
tjdevries,tahayvr,14
tjosten,reza866,2
tkling,yapus,2
tlxq,acrogenesis,2
tlxq,helioascorreia,2
tlxq,Mayank-8127,2
tmqone,JoaoPedro-cody,4
tmqone,Luquatic,2
tom-jagus,mattlanham,12
tomycostantino,dhh,4
tomydng,Gowtz,2
tonimarmol,morgoth,2
tpjwm,Sabadon,2
trentrothstein,bragmore,4
tristonarmstrong,GiraffeCoding,2
tristonarmstrong,nqst,4
trly,jzetterman,4
trly,ColtonIdle,2
trmcnvn,ryanyogan,2
tsch0hnny,SYKwong,2
tuladhar,marcinczenko,2
tuladhar,odnmalau,2
tuladhar,FlameHorizon,2
tuladhar,Luquatic,2
tunsmart,illangpasandre-prog,2
tute,nkasco,4
twistedmacaroni,pelephant2,2
twobuh,ironicbadger,4
txm9895,bhood239,2
tylerjw,Jerbear0,2
tylerwillis,ryukamish,2
tymfry,milolethbridge,2
ubeyidah,nmonev,2
uiansol,bettinson,2
umibear,bagguettiesonmywrist,2
umibear,rafa-alves6,2
unaizorrilla,Mohamedsayhii,6
unikitty37,Jerbear0,4
urveeshdadhich,amanat361,2
uzarubin,JoaoPedro-cody,2
vNakamura,colutti,2
vannaxpjf,ddevault,4
vannaxpjf,coffnix,4
vaqMAD,skoom21,2
vaqMAD,landsman,2
vaqMAD,colutti,4
vaqMAD,davidbasilefilho,2
vaqMAD,ashd90,2
vaqMAD,weholt,2
vaqMAD,maxdmayhew,2
vaqMAD,infogulch,2
vaqMAD,semakusut,2
vaqMAD,nqst,2
vaqMAD,hoblin,2
vaqMAD,dhh,4
vaqMAD,fidelisakilan,2
vaqMAD,Ugwattu,10
vaqMAD,DevBasem,2
vaqMAD,mvee-11,4
vaqMAD,Shankar-1212,8
vaqMAD,prgmatic,2
vaqMAD,FlameHorizon,2
vaqMAD,FatalCatharsis,2
vaqMAD,ryanrhughes,2
vaqMAD,TayoJuang,2
vaqMAD,vrajpat3ll,2
varo6,pelephant2,4
varyform,satyapraneet63,2
vaxerski,diegopluna,6
vaxerski,itsnumpty,2
vaxerski,al3rez,2
vaxerski,tomaslucas,2
vaxerski,logannc,4
vaxerski,ColtonIdle,2
vaxerski,ironicbadger,2
vaxerski,JordanAnthonyKing,2
vaxerski,linux-fertxo,2
vaxerski,CaffeinatedTech,2
vaxerski,pkrzysiekk,4
vaxerski,jondkinney,2
vaxerski,guidovicino,2
vcavallo,fpigeonjr,2
ven0mus,Salt-555,2
victoralensai,colutti,2
victoralensai,davidbasilefilho,4
victoralensai,flaviolivolsi,2
vikks,joelgaff,2
vinnividivicci,goodroot,2
vinnyA3,SamRoehrich,2
vitaliiorlov,justpurv,2
vitorbaptista,acrogenesis,2
vlofgren,RodriMora,8
vlofgren,MikeVeerman,16
vlofgren,ChristerNilsson,2
vlofgren,donovan-duplessis,2
vlofgren,dylanbr,2
vlofgren,woopstar,2
vlofgren,hipsterusername,2
vlofgren,blackmou5e,2
vlofgren,NLedge,6
vlofgren,emourad,2
vlofgren,nonetrix,2
vlofgren,axelfontaine,2
vlofgren,colutti,2
vlofgren,CaffeinatedTech,2
vlofgren,ddVital,2
vlofgren,Rishabh-Sarang,2
vlofgren,JamesShelley,12
voidapex11,shubham-mamodiya,2
voody77,matheorism,2
voody77,xulqarnaen,2
voody77,crazed-developer,2
voody77,gammons,2
voody77,sdurnov,4
voody77,MaryamTarek03,2
voody77,jarvis1704,2
vortexavalanche,LabGuy94,2
vrinek,Ladeby,4
vschwaberow,acrogenesis,4
vvsatoshi,grumpydumpty,2
vyrx-dev,hyprhex,6
vyrx-dev,davidbasilefilho,2
vyrx-dev,anshul12ra,14
waisihnyun,illangpasandre-prog,2
wardakla,EhsanulHaqueSiam,2
webDevMiras,nmonev,2
webmatze,inffy,2
weierfischen,c4software,4
weierfischen,npenza,6
weierfischen,thakur-abhijeet,4
weierfischen,ahmetkca,2
weierfischen,ryanrhughes,4
weierfischen,Awais-Sajid-119,2
weierfischen,anagrius,2
weierfischen,drewhamlett,2
weierfischen,zaneschepke,2
weierfischen,tahayvr,2
weierfischen,ColtonIdle,2
weierfischen,eugenialoli,2
weierfischen,ChristerNilsson,4
weierfischen,OerdBej,2
weierfischen,nqst,2
wekauwau,Else00,2
wekauwau,tomasnorre,6
wekauwau,oxidebits,2
wekauwau,y0no,2
wekauwau,huuaho,4
wekauwau,DiegoRioboCabot,2
wekauwau,clintonleroux,4
wekauwau,rthabett,2
wekauwau,m0sys,2
wekauwau,ayan-de,2
wekauwau,rafa-alves6,2
wekauwau,nrbnlulu,4
wekauwau,lucasolima,2
wekauwau,Pindano,2
wekauwau,BenMerSci,2
wenderjean,ddevault,2
wey-gu,kromsam,2
whargrove,ElBrodino,4
whargrove,RodriMora,2
whud,wouterbouvy,2
wiliamvj,bcavaco,2
wilk3ns,Kurizek27,2
willfe,ddevault,2
willsilvano,victornor,2
winkers787,trevorputbrese,2
wiseyoungbuck,DiegoRioboCabot,2
wixisse,blazskufca,2
wleme,MikeVeerman,2
wltechblog,precision,4
wolfgangw,dradrien,2
wolfgangw,TobbEEEEH,4
wolfgangw,arampak,2
wolfgangw,cakePhone,8
wolfgangw,RodriMora,2
woopstar,lakwey,4
woopstar,tarekbecker,4
woopstar,killeik,12
woopstar,peregrinus879,6
woopstar,zachasme,2
woopstar,hjanuschka,2
woopstar,ChristerNilsson,2
woopstar,r3ap3r2004,4
woopstar,ryanyogan,6
woopstar,c4software,2
woopstar,marcinczenko,10
woopstar,sgruendel,14
woopstar,vyrx-dev,14
woopstar,cevdetta,4
woopstar,e0,2
woopstar,sarrietav-dev,2
woopstar,vladkhard,4
woopstar,Somnius,2
woopstar,0xMarius,2
woopstar,colutti,4
woopstar,Furyfree,8
woopstar,CaffeinatedTech,2
woopstar,skoom21,2
woopstar,impost0r,2
woopstar,rafaelvzago,2
woopstar,Acharab,20
woopstar,andrepadez,8
woopstar,tamayotchi,22
woopstar,jondkinney,2
woopstar,dhh,12
woopstar,abenz1267,12
wouterbouvy,bjabot12,2
xavierlesa,bragmore,2
xianlin,Shankar-1212,2
xndrdev,duke13137,2
xulfm,nik-securemeasure,2
xulqarnaen,nskrdev,2
xulqarnaen,mmsbrggr,2
xulqarnaen,ryukamish,2
y0no,MichaelM3,4
y0no,geoweir,2
y0no,ryanrhughes,12
yaeloss,c0mpile,2
yathxyz,dimmerz92,2
yawaramin,fhammerschmidt,4
yburakyo,RodriMora,2
yingjiegau,foretoo,2
yitzwillroth,florianbeer,2
ykolodyazhny,oliverperboni,2
yooakim,JPHultra,2
yousefdergham,rikkarth,2
yousseffjel,kira-coding,2
yovko,killeik,4
yumhum,mmsbrggr,2
yuriteixeira,ryanrhughes,2
yuters,ryanrhughes,2
yuters,NLedge,6
yuters,nicolaric,4
zahorniak,smakrysopoulos,4
zakkarija,fpigeonjr,2
zaneschepke,dhh,2
zaneschepke,pmercatoris,4
zarmin,Kurizek27,2
zdehasek,npenza,2
zeddy303,wouterbouvy,2
zessu,sebgott,2
zessu,russell-davis,6
zeth,rami-shalhoub,4
zhanggang807,cluah,4
zhound420,naxels,2
zhydzhy,lavavex,2
zigmoo,merouaneamqor,2
zilberlex,ryanrhughes,2
znxr,grimy192837465,2
